-- --------------------------------------------------------
-- Host:                         172.16.16.250
-- Server version:               10.4.22-MariaDB - mariadb.org binary distribution
-- Server OS:                    Win64
-- HeidiSQL Version:             12.1.0.6537
-- --------------------------------------------------------

/*!40101 SET @OLD_CHARACTER_SET_CLIENT=@@CHARACTER_SET_CLIENT */;
/*!40101 SET NAMES utf8 */;
/*!50503 SET NAMES utf8mb4 */;
/*!40103 SET @OLD_TIME_ZONE=@@TIME_ZONE */;
/*!40103 SET TIME_ZONE='+00:00' */;
/*!40014 SET @OLD_FOREIGN_KEY_CHECKS=@@FOREIGN_KEY_CHECKS, FOREIGN_KEY_CHECKS=0 */;
/*!40101 SET @OLD_SQL_MODE=@@SQL_MODE, SQL_MODE='NO_AUTO_VALUE_ON_ZERO' */;
/*!40111 SET @OLD_SQL_NOTES=@@SQL_NOTES, SQL_NOTES=0 */;


-- Dumping database structure for call_center
CREATE DATABASE IF NOT EXISTS `call_center` /*!40100 DEFAULT CHARACTER SET utf8mb4 */;
USE `call_center`;

-- Dumping structure for table call_center.ip_server_kybi
CREATE TABLE IF NOT EXISTS `ip_server_kybi` (
  `id_server` int(11) NOT NULL AUTO_INCREMENT,
  `ip_address` varchar(16) NOT NULL,
  `server` varchar(30) NOT NULL,
  PRIMARY KEY (`id_server`)
) ENGINE=InnoDB AUTO_INCREMENT=16 DEFAULT CHARSET=utf8mb4;

-- Dumping data for table call_center.ip_server_kybi: ~14 rows (approximately)
INSERT INTO `ip_server_kybi` (`id_server`, `ip_address`, `server`) VALUES
	(1, '192.168.8.172', 'Data Centre'),
	(3, '192.168.10.3', 'BAAN'),
	(4, '192.168.10.28', 'Enclosure 1'),
	(5, '192.168.10.30', 'Enclosure 2'),
	(6, '192.168.10.31', 'Enclosure 3'),
	(7, '192.168.10.32', 'Enclosure 4'),
	(8, '192.168.8.81', 'IP Pak Tahid'),
	(9, '192.168.11.30', 'Device Absen 1'),
	(10, '192.168.11.31', 'Device Absen 2'),
	(11, '192.168.8.67', 'Server Absensi'),
	(12, '192.168.8.15', 'Timer Portal'),
	(13, '192.168.10.231', 'Timer BAAN'),
	(14, '192.168.20.4', 'Suppliers'),
	(15, '192.168.11.161', 'Reporting');

-- Dumping structure for table call_center.pic_server
CREATE TABLE IF NOT EXISTS `pic_server` (
  `id_pic` int(11) NOT NULL AUTO_INCREMENT,
  `ip_address` varchar(16) NOT NULL,
  `sequence` int(11) NOT NULL,
  `npk` varchar(6) NOT NULL,
  `nama` varchar(50) NOT NULL,
  `section` varchar(30) NOT NULL,
  `no_hp` varchar(15) NOT NULL,
  `icon` varchar(20) NOT NULL,
  `image` varchar(20) NOT NULL,
  PRIMARY KEY (`id_pic`)
) ENGINE=InnoDB AUTO_INCREMENT=32 DEFAULT CHARSET=utf8mb4;

-- Dumping data for table call_center.pic_server: ~30 rows (approximately)
INSERT INTO `pic_server` (`id_pic`, `ip_address`, `sequence`, `npk`, `nama`, `section`, `no_hp`, `icon`, `image`) VALUES
	(1, '192.168.8.172', 1, '01563', 'Arifin Hakim', 'Infrastructure', '6281584455030', '', 'kyb.png'),
	(2, '192.168.8.172', 2, '01314', 'Sachlani Syarief', 'Infrastructure', '6287877600297', '', 'kyb.png'),
	(3, '192.168.10.3', 2, 'P1063', 'Agus Hendriawan', 'BAAN', '6285749870062', '', 'kyb.png'),
	(4, '192.168.10.3', 3, 'P1066', 'Syaifudin Eka Pradana', 'BAAN', '6282135069720', '', 'kyb.png'),
	(5, '192.168.8.172', 3, 'P1074', 'Yazi Adityas', 'Infrastructure', '6289640208515', '', 'kyb.png'),
	(7, '192.168.10.3', 1, '01564', 'Efrizal', 'BAAN', '628170146940', '', 'kyb.png'),
	(8, '192.168.8.172', 4, '01934', 'Agus Mujtahid', 'Kadept', '6281293796752', '', 'kyb.png'),
	(9, '192.168.10.3', 4, '01934', 'Agus Mujtahid', 'Kadept', '6281293796752', '', 'kyb.png'),
	(10, '192.168.10.28', 1, '01563', 'Arifin Hakim', 'Infrastructure', '6281584455030', '', 'kyb.png'),
	(11, '192.168.10.28', 2, '01314', 'Sachlani Syarief', 'Infrastructure', '6287877600297', '', 'kyb.png'),
	(12, '192.168.10.28', 3, 'P1074', 'Yazi Adityas', 'Infrastructure', '6289640208515', '', 'kyb.png'),
	(13, '192.168.10.28', 4, '01934', 'Agus Mujtahid', 'Kadept', '6281293796752', '', 'kyb.png'),
	(14, '192.168.10.30', 1, '01563', 'Arifin Hakim', 'Infrastructure', '6281584455030', '', 'kyb.png'),
	(15, '192.168.10.30', 2, '01314', 'Sachlani Syarief', 'Infrastructure', '6287877600297', '', 'kyb.png'),
	(16, '192.168.10.30', 3, 'P1074', 'Yazi Adityas', 'Infrastructure', '6289640208515', '', 'kyb.png'),
	(17, '192.168.10.30', 4, '01934', 'Agus Mujtahid', 'Kadept', '6281293796752', '', 'kyb.png'),
	(18, '192.168.10.31', 1, '01563', 'Arifin Hakim', 'Infrastructure', '6281584455030', '', 'kyb.png'),
	(19, '192.168.10.31', 2, '01314', 'Sachlani Syarief', 'Infrastructure', '6287877600297', '', 'kyb.png'),
	(20, '192.168.10.31', 3, 'P1074', 'Yazi Adityas', 'Infrastructure', '6289640208515', '', 'kyb.png'),
	(21, '192.168.10.31', 4, '01934', 'Agus Mujtahid', 'Kadept', '6281293796752', '', 'kyb.png'),
	(22, '192.168.10.32', 1, '01563', 'Arifin Hakim', 'Infrastructure', '6281584455030', '', 'kyb.png'),
	(23, '192.168.10.32', 2, '01314', 'Sachlani Syarief', 'Infrastructure', '6287877600297', '', 'kyb.png'),
	(24, '192.168.10.32', 3, 'P1074', 'Yazi Adityas', 'Infrastructure', '6289640208515', '', 'kyb.png'),
	(25, '192.168.10.32', 4, '01934', 'Agus Mujtahid', 'Kadept', '6281293796752', '', 'kyb.png'),
	(26, '192.168.8.81', 1, 'P1066', 'Syaifudin Eka Pradana', 'BAAN', '6282135069720', '', 'kyb.png'),
	(27, '192.168.8.81', 2, '01934', 'Agus Mujtahid', 'Kadept', '6281293796752', '', 'kyb.png'),
	(28, '192.168.11.30', 1, '01896', 'Sutarmin', 'Payroll', '6282298793808', '', 'kyb.png'),
	(29, '192.168.11.30', 2, 'P1064', 'Ramadhan Dwi Putra', 'Industry 4.0', '6289691048799', '', 'kyb.png'),
	(30, '192.168.11.31', 1, '01896', 'Sutarmin', 'Payroll', '6282298793808', '', 'kyb.png'),
	(31, '192.168.11.31', 2, 'P1064', 'Ramadhan Dwi Putra', 'Industry 4.0', '6289691048799', '', 'kyb.png');

-- Dumping structure for table call_center.tbl_accident
CREATE TABLE IF NOT EXISTS `tbl_accident` (
  `id_accident` int(11) NOT NULL AUTO_INCREMENT,
  `ip_address` varchar(16) NOT NULL,
  `server` varchar(20) NOT NULL,
  `date` timestamp NOT NULL DEFAULT current_timestamp() ON UPDATE current_timestamp(),
  `status` varchar(25) NOT NULL,
  PRIMARY KEY (`id_accident`)
) ENGINE=InnoDB AUTO_INCREMENT=429 DEFAULT CHARSET=utf8mb4;

-- Dumping data for table call_center.tbl_accident: ~310 rows (approximately)
INSERT INTO `tbl_accident` (`id_accident`, `ip_address`, `server`, `date`, `status`) VALUES
	(119, '192.168.10.28', 'Enclosure 1', '2022-10-19 04:09:57', 'Request Time Out'),
	(120, '192.168.10.31', 'Enclosure 3', '2022-10-19 09:10:01', 'Request Time Out'),
	(121, '192.168.10.32', 'Enclosure 4', '2022-10-19 09:10:09', 'Request Time Out'),
	(122, '192.168.10.28', 'Enclosure 1', '2022-10-19 09:46:02', 'Request Time Out'),
	(123, '192.168.8.172', 'Data Centre', '2022-10-19 23:08:16', 'Request Time Out'),
	(124, '192.168.10.28', 'Enclosure 1', '2022-10-19 23:09:55', 'Request Time Out'),
	(125, '192.168.10.28', 'Enclosure 1', '2022-10-20 04:00:08', 'Request Time Out'),
	(126, '192.168.10.28', 'Enclosure 1', '2022-10-20 04:05:29', 'Request Time Out'),
	(127, '192.168.10.28', 'Enclosure 1', '2022-10-21 00:50:37', 'Request Time Out'),
	(128, '192.168.10.30', 'Enclosure 2', '2022-10-21 00:50:37', 'Request Time Out'),
	(129, '192.168.8.81', 'IP Pak Tahid', '2022-10-21 02:19:02', 'Request Time Out'),
	(130, '192.168.8.81', 'IP Pak Tahid', '2022-10-21 02:24:02', 'Request Time Out'),
	(131, '192.168.8.81', 'IP Pak Tahid', '2022-10-21 03:04:02', 'Request Time Out'),
	(132, '192.168.8.81', 'IP Pak Tahid', '2022-10-21 03:09:02', 'Request Time Out'),
	(133, '192.168.8.81', 'IP Pak Tahid', '2022-10-21 03:14:02', 'Request Time Out'),
	(134, '192.168.8.81', 'IP Pak Tahid', '2022-10-21 03:19:02', 'Request Time Out'),
	(135, '192.168.8.81', 'IP Pak Tahid', '2022-10-21 03:24:02', 'Request Time Out'),
	(136, '192.168.8.81', 'IP Pak Tahid', '2022-10-21 03:29:02', 'Request Time Out'),
	(137, '192.168.8.81', 'IP Pak Tahid', '2022-10-21 03:34:02', 'Request Time Out'),
	(138, '192.168.10.28', 'Enclosure 1', '2022-10-21 03:39:02', 'Request Time Out'),
	(139, '192.168.8.81', 'IP Pak Tahid', '2022-10-21 03:39:02', 'Request Time Out'),
	(140, '192.168.10.28', 'Enclosure 1', '2022-10-21 07:09:03', 'Request Time Out'),
	(141, '192.168.8.81', 'IP Pak Tahid', '2022-10-21 07:09:03', 'Request Time Out'),
	(142, '192.168.10.28', 'Enclosure 1', '2022-10-21 07:14:02', 'Request Time Out'),
	(143, '192.168.10.28', 'Enclosure 1', '2022-10-21 07:19:03', 'Request Time Out'),
	(144, '192.168.10.28', 'Enclosure 1', '2022-10-21 09:54:03', 'Request Time Out'),
	(145, '192.168.10.30', 'Enclosure 2', '2022-10-21 09:54:03', 'Request Time Out'),
	(146, '192.168.8.81', 'IP Pak Tahid', '2022-10-21 10:34:03', 'Request Time Out'),
	(147, '192.168.8.81', 'IP Pak Tahid', '2022-10-21 10:39:03', 'Request Time Out'),
	(148, '192.168.8.81', 'IP Pak Tahid', '2022-10-21 10:44:03', 'Request Time Out'),
	(149, '192.168.8.81', 'IP Pak Tahid', '2022-10-21 10:49:03', 'Request Time Out'),
	(150, '192.168.8.81', 'IP Pak Tahid', '2022-10-21 10:54:03', 'Request Time Out'),
	(151, '192.168.8.81', 'IP Pak Tahid', '2022-10-21 10:59:03', 'Request Time Out'),
	(152, '192.168.8.81', 'IP Pak Tahid', '2022-10-21 11:04:03', 'Request Time Out'),
	(153, '192.168.8.81', 'IP Pak Tahid', '2022-10-21 11:09:03', 'Request Time Out'),
	(154, '192.168.8.81', 'IP Pak Tahid', '2022-10-21 11:14:03', 'Request Time Out'),
	(155, '192.168.8.81', 'IP Pak Tahid', '2022-10-21 11:19:03', 'Request Time Out'),
	(156, '192.168.8.81', 'IP Pak Tahid', '2022-10-21 11:24:03', 'Request Time Out'),
	(157, '192.168.8.81', 'IP Pak Tahid', '2022-10-21 11:29:03', 'Request Time Out'),
	(158, '192.168.8.81', 'IP Pak Tahid', '2022-10-21 11:34:03', 'Request Time Out'),
	(159, '192.168.8.81', 'IP Pak Tahid', '2022-10-21 11:39:03', 'Request Time Out'),
	(160, '192.168.8.81', 'IP Pak Tahid', '2022-10-21 11:44:03', 'Request Time Out'),
	(161, '192.168.8.81', 'IP Pak Tahid', '2022-10-21 11:49:03', 'Request Time Out'),
	(162, '192.168.10.28', 'Enclosure 1', '2022-10-21 16:49:04', 'Request Time Out'),
	(163, '192.168.10.28', 'Enclosure 1', '2022-10-21 16:54:04', 'Request Time Out'),
	(164, '192.168.10.28', 'Enclosure 1', '2022-10-21 16:59:04', 'Request Time Out'),
	(165, '192.168.10.28', 'Enclosure 1', '2022-10-21 17:04:04', 'Request Time Out'),
	(166, '192.168.10.28', 'Enclosure 1', '2022-10-21 17:09:03', 'Request Time Out'),
	(167, '192.168.10.28', 'Enclosure 1', '2022-10-21 17:14:04', 'Request Time Out'),
	(168, '192.168.10.28', 'Enclosure 1', '2022-10-21 17:19:04', 'Request Time Out'),
	(169, '192.168.10.28', 'Enclosure 1', '2022-10-21 17:24:04', 'Request Time Out'),
	(170, '192.168.10.28', 'Enclosure 1', '2022-10-21 17:29:04', 'Request Time Out'),
	(171, '192.168.10.28', 'Enclosure 1', '2022-10-21 17:34:04', 'Request Time Out'),
	(172, '192.168.10.28', 'Enclosure 1', '2022-10-21 17:39:04', 'Request Time Out'),
	(173, '192.168.10.28', 'Enclosure 1', '2022-10-21 17:44:03', 'Request Time Out'),
	(174, '192.168.10.28', 'Enclosure 1', '2022-10-21 17:49:04', 'Request Time Out'),
	(175, '192.168.10.28', 'Enclosure 1', '2022-10-21 17:54:04', 'Request Time Out'),
	(176, '192.168.10.28', 'Enclosure 1', '2022-10-21 17:59:04', 'Request Time Out'),
	(177, '192.168.10.28', 'Enclosure 1', '2022-10-21 18:04:04', 'Request Time Out'),
	(178, '192.168.10.28', 'Enclosure 1', '2022-10-21 18:09:04', 'Request Time Out'),
	(179, '192.168.10.28', 'Enclosure 1', '2022-10-21 18:14:04', 'Request Time Out'),
	(180, '192.168.10.28', 'Enclosure 1', '2022-10-21 18:19:04', 'Request Time Out'),
	(181, '192.168.10.28', 'Enclosure 1', '2022-10-21 18:24:04', 'Request Time Out'),
	(182, '192.168.10.28', 'Enclosure 1', '2022-10-21 18:29:04', 'Request Time Out'),
	(183, '192.168.10.28', 'Enclosure 1', '2022-10-21 18:34:04', 'Request Time Out'),
	(184, '192.168.10.28', 'Enclosure 1', '2022-10-21 18:39:04', 'Request Time Out'),
	(185, '192.168.10.28', 'Enclosure 1', '2022-10-21 18:44:04', 'Request Time Out'),
	(186, '192.168.10.28', 'Enclosure 1', '2022-10-21 18:49:04', 'Request Time Out'),
	(187, '192.168.10.28', 'Enclosure 1', '2022-10-21 18:54:04', 'Request Time Out'),
	(188, '192.168.10.28', 'Enclosure 1', '2022-10-21 18:59:04', 'Request Time Out'),
	(189, '192.168.10.28', 'Enclosure 1', '2022-10-21 19:04:04', 'Request Time Out'),
	(190, '192.168.10.28', 'Enclosure 1', '2022-10-21 19:09:04', 'Request Time Out'),
	(191, '192.168.10.28', 'Enclosure 1', '2022-10-21 19:14:04', 'Request Time Out'),
	(192, '192.168.10.28', 'Enclosure 1', '2022-10-21 19:19:04', 'Request Time Out'),
	(193, '192.168.10.28', 'Enclosure 1', '2022-10-21 19:24:04', 'Request Time Out'),
	(194, '192.168.10.28', 'Enclosure 1', '2022-10-21 19:29:04', 'Request Time Out'),
	(195, '192.168.10.28', 'Enclosure 1', '2022-10-21 19:34:04', 'Request Time Out'),
	(196, '192.168.10.28', 'Enclosure 1', '2022-10-21 19:39:04', 'Request Time Out'),
	(197, '192.168.10.28', 'Enclosure 1', '2022-10-21 19:44:04', 'Request Time Out'),
	(198, '192.168.10.28', 'Enclosure 1', '2022-10-21 19:49:04', 'Request Time Out'),
	(199, '192.168.10.28', 'Enclosure 1', '2022-10-21 19:54:04', 'Request Time Out'),
	(200, '192.168.10.28', 'Enclosure 1', '2022-10-21 19:59:04', 'Request Time Out'),
	(201, '192.168.10.28', 'Enclosure 1', '2022-10-21 20:04:04', 'Request Time Out'),
	(202, '192.168.10.28', 'Enclosure 1', '2022-10-21 20:09:04', 'Request Time Out'),
	(203, '192.168.10.28', 'Enclosure 1', '2022-10-21 20:14:04', 'Request Time Out'),
	(204, '192.168.10.28', 'Enclosure 1', '2022-10-21 20:19:04', 'Request Time Out'),
	(205, '192.168.10.28', 'Enclosure 1', '2022-10-21 20:24:04', 'Request Time Out'),
	(206, '192.168.10.28', 'Enclosure 1', '2022-10-21 20:29:04', 'Request Time Out'),
	(207, '192.168.10.28', 'Enclosure 1', '2022-10-21 20:34:04', 'Request Time Out'),
	(208, '192.168.10.28', 'Enclosure 1', '2022-10-21 20:39:04', 'Request Time Out'),
	(209, '192.168.10.28', 'Enclosure 1', '2022-10-21 20:44:04', 'Request Time Out'),
	(210, '192.168.10.28', 'Enclosure 1', '2022-10-21 20:49:04', 'Request Time Out'),
	(211, '192.168.10.28', 'Enclosure 1', '2022-10-21 20:54:04', 'Request Time Out'),
	(212, '192.168.10.28', 'Enclosure 1', '2022-10-21 20:59:04', 'Request Time Out'),
	(213, '192.168.10.28', 'Enclosure 1', '2022-10-21 21:04:04', 'Request Time Out'),
	(214, '192.168.10.28', 'Enclosure 1', '2022-10-21 21:09:04', 'Request Time Out'),
	(215, '192.168.10.28', 'Enclosure 1', '2022-10-21 21:14:04', 'Request Time Out'),
	(216, '192.168.10.28', 'Enclosure 1', '2022-10-21 21:19:04', 'Request Time Out'),
	(217, '192.168.10.28', 'Enclosure 1', '2022-10-21 21:24:04', 'Request Time Out'),
	(218, '192.168.10.28', 'Enclosure 1', '2022-10-21 21:29:04', 'Request Time Out'),
	(219, '192.168.10.28', 'Enclosure 1', '2022-10-21 21:34:04', 'Request Time Out'),
	(220, '192.168.10.28', 'Enclosure 1', '2022-10-21 21:39:04', 'Request Time Out'),
	(221, '192.168.10.28', 'Enclosure 1', '2022-10-21 21:44:04', 'Request Time Out'),
	(222, '192.168.10.28', 'Enclosure 1', '2022-10-21 21:49:04', 'Request Time Out'),
	(223, '192.168.10.28', 'Enclosure 1', '2022-10-21 21:54:04', 'Request Time Out'),
	(224, '192.168.10.28', 'Enclosure 1', '2022-10-21 21:59:04', 'Request Time Out'),
	(225, '192.168.10.28', 'Enclosure 1', '2022-10-21 22:04:04', 'Request Time Out'),
	(226, '192.168.10.28', 'Enclosure 1', '2022-10-21 22:09:04', 'Request Time Out'),
	(227, '192.168.10.28', 'Enclosure 1', '2022-10-21 22:14:04', 'Request Time Out'),
	(228, '192.168.10.28', 'Enclosure 1', '2022-10-21 22:19:04', 'Request Time Out'),
	(229, '192.168.10.28', 'Enclosure 1', '2022-10-21 22:24:04', 'Request Time Out'),
	(230, '192.168.10.28', 'Enclosure 1', '2022-10-21 22:29:04', 'Request Time Out'),
	(231, '192.168.10.28', 'Enclosure 1', '2022-10-21 22:34:04', 'Request Time Out'),
	(232, '192.168.10.28', 'Enclosure 1', '2022-10-21 22:39:04', 'Request Time Out'),
	(233, '192.168.10.28', 'Enclosure 1', '2022-10-21 22:44:04', 'Request Time Out'),
	(234, '192.168.10.28', 'Enclosure 1', '2022-10-21 22:49:04', 'Request Time Out'),
	(235, '192.168.10.28', 'Enclosure 1', '2022-10-21 22:54:04', 'Request Time Out'),
	(236, '192.168.10.28', 'Enclosure 1', '2022-10-21 22:59:04', 'Request Time Out'),
	(237, '192.168.10.28', 'Enclosure 1', '2022-10-21 23:04:04', 'Request Time Out'),
	(238, '192.168.10.28', 'Enclosure 1', '2022-10-21 23:09:04', 'Request Time Out'),
	(239, '192.168.10.28', 'Enclosure 1', '2022-10-21 23:14:04', 'Request Time Out'),
	(240, '192.168.10.28', 'Enclosure 1', '2022-10-21 23:19:04', 'Request Time Out'),
	(241, '192.168.10.28', 'Enclosure 1', '2022-10-21 23:24:04', 'Request Time Out'),
	(242, '192.168.10.28', 'Enclosure 1', '2022-10-21 23:29:04', 'Request Time Out'),
	(243, '192.168.10.28', 'Enclosure 1', '2022-10-21 23:34:04', 'Request Time Out'),
	(244, '192.168.10.28', 'Enclosure 1', '2022-10-21 23:39:04', 'Request Time Out'),
	(245, '192.168.10.28', 'Enclosure 1', '2022-10-21 23:44:04', 'Request Time Out'),
	(246, '192.168.10.28', 'Enclosure 1', '2022-10-21 23:49:04', 'Request Time Out'),
	(247, '192.168.10.28', 'Enclosure 1', '2022-10-21 23:54:04', 'Request Time Out'),
	(248, '192.168.10.28', 'Enclosure 1', '2022-10-21 23:59:04', 'Request Time Out'),
	(249, '192.168.10.28', 'Enclosure 1', '2022-10-22 00:04:04', 'Request Time Out'),
	(250, '192.168.10.28', 'Enclosure 1', '2022-10-22 00:09:04', 'Request Time Out'),
	(251, '192.168.10.28', 'Enclosure 1', '2022-10-22 00:14:04', 'Request Time Out'),
	(252, '192.168.10.28', 'Enclosure 1', '2022-10-22 00:19:04', 'Request Time Out'),
	(253, '192.168.10.28', 'Enclosure 1', '2022-10-22 00:24:04', 'Request Time Out'),
	(254, '192.168.10.28', 'Enclosure 1', '2022-10-22 00:29:04', 'Request Time Out'),
	(255, '192.168.10.28', 'Enclosure 1', '2022-10-22 00:34:04', 'Request Time Out'),
	(256, '192.168.10.28', 'Enclosure 1', '2022-10-22 00:39:04', 'Request Time Out'),
	(257, '192.168.10.28', 'Enclosure 1', '2022-10-22 00:44:04', 'Request Time Out'),
	(258, '192.168.10.28', 'Enclosure 1', '2022-10-22 00:49:04', 'Request Time Out'),
	(259, '192.168.10.28', 'Enclosure 1', '2022-10-22 00:54:04', 'Request Time Out'),
	(260, '192.168.10.28', 'Enclosure 1', '2022-10-22 00:59:05', 'Request Time Out'),
	(261, '192.168.10.28', 'Enclosure 1', '2022-10-22 01:04:04', 'Request Time Out'),
	(262, '192.168.10.28', 'Enclosure 1', '2022-10-22 01:09:04', 'Request Time Out'),
	(263, '192.168.10.28', 'Enclosure 1', '2022-10-22 01:14:04', 'Request Time Out'),
	(264, '192.168.10.28', 'Enclosure 1', '2022-10-22 01:19:04', 'Request Time Out'),
	(265, '192.168.10.28', 'Enclosure 1', '2022-10-22 01:24:04', 'Request Time Out'),
	(266, '192.168.10.28', 'Enclosure 1', '2022-10-22 01:29:04', 'Request Time Out'),
	(267, '192.168.10.28', 'Enclosure 1', '2022-10-22 01:34:04', 'Request Time Out'),
	(268, '192.168.10.28', 'Enclosure 1', '2022-10-22 01:39:04', 'Request Time Out'),
	(269, '192.168.10.28', 'Enclosure 1', '2022-10-22 01:44:04', 'Request Time Out'),
	(270, '192.168.10.28', 'Enclosure 1', '2022-10-22 01:49:04', 'Request Time Out'),
	(271, '192.168.10.28', 'Enclosure 1', '2022-10-22 01:54:04', 'Request Time Out'),
	(272, '192.168.10.28', 'Enclosure 1', '2022-10-22 01:59:04', 'Request Time Out'),
	(273, '192.168.10.28', 'Enclosure 1', '2022-10-22 02:04:04', 'Request Time Out'),
	(274, '192.168.10.28', 'Enclosure 1', '2022-10-22 02:09:05', 'Request Time Out'),
	(275, '192.168.10.28', 'Enclosure 1', '2022-10-22 02:14:04', 'Request Time Out'),
	(276, '192.168.10.28', 'Enclosure 1', '2022-10-22 02:19:04', 'Request Time Out'),
	(277, '192.168.10.28', 'Enclosure 1', '2022-10-22 02:24:04', 'Request Time Out'),
	(278, '192.168.10.28', 'Enclosure 1', '2022-10-22 02:29:04', 'Request Time Out'),
	(279, '192.168.10.28', 'Enclosure 1', '2022-10-22 02:34:04', 'Request Time Out'),
	(280, '192.168.10.28', 'Enclosure 1', '2022-10-22 02:39:04', 'Request Time Out'),
	(281, '192.168.10.28', 'Enclosure 1', '2022-10-22 02:44:05', 'Request Time Out'),
	(282, '192.168.10.28', 'Enclosure 1', '2022-10-22 02:49:04', 'Request Time Out'),
	(283, '192.168.10.28', 'Enclosure 1', '2022-10-22 02:54:05', 'Request Time Out'),
	(284, '192.168.10.28', 'Enclosure 1', '2022-10-22 02:59:05', 'Request Time Out'),
	(285, '192.168.10.28', 'Enclosure 1', '2022-10-22 03:04:04', 'Request Time Out'),
	(286, '192.168.10.28', 'Enclosure 1', '2022-10-22 03:09:05', 'Request Time Out'),
	(287, '192.168.10.28', 'Enclosure 1', '2022-10-22 03:14:04', 'Request Time Out'),
	(288, '192.168.10.28', 'Enclosure 1', '2022-10-22 03:19:05', 'Request Time Out'),
	(289, '192.168.10.28', 'Enclosure 1', '2022-10-22 03:24:05', 'Request Time Out'),
	(290, '192.168.10.28', 'Enclosure 1', '2022-10-22 03:29:05', 'Request Time Out'),
	(291, '192.168.10.28', 'Enclosure 1', '2022-10-22 03:34:04', 'Request Time Out'),
	(292, '192.168.10.28', 'Enclosure 1', '2022-10-22 03:39:05', 'Request Time Out'),
	(293, '192.168.10.28', 'Enclosure 1', '2022-10-22 03:44:05', 'Request Time Out'),
	(294, '192.168.10.28', 'Enclosure 1', '2022-10-22 03:49:04', 'Request Time Out'),
	(295, '192.168.10.28', 'Enclosure 1', '2022-10-22 03:54:04', 'Request Time Out'),
	(296, '192.168.10.28', 'Enclosure 1', '2022-10-22 03:59:04', 'Request Time Out'),
	(297, '192.168.10.28', 'Enclosure 1', '2022-10-22 04:04:04', 'Request Time Out'),
	(298, '192.168.10.28', 'Enclosure 1', '2022-10-22 04:09:04', 'Request Time Out'),
	(299, '192.168.10.28', 'Enclosure 1', '2022-10-22 04:14:04', 'Request Time Out'),
	(300, '192.168.10.28', 'Enclosure 1', '2022-10-22 04:19:04', 'Request Time Out'),
	(301, '192.168.10.28', 'Enclosure 1', '2022-10-22 04:24:04', 'Request Time Out'),
	(302, '192.168.10.28', 'Enclosure 1', '2022-10-22 04:29:04', 'Request Time Out'),
	(303, '192.168.10.28', 'Enclosure 1', '2022-10-22 04:34:04', 'Request Time Out'),
	(304, '192.168.10.28', 'Enclosure 1', '2022-10-22 04:39:04', 'Request Time Out'),
	(305, '192.168.10.28', 'Enclosure 1', '2022-10-22 06:04:04', 'Request Time Out'),
	(306, '192.168.10.28', 'Enclosure 1', '2022-10-22 06:19:04', 'Request Time Out'),
	(307, '192.168.10.30', 'Enclosure 2', '2022-10-22 06:19:04', 'Request Time Out'),
	(308, '192.168.10.28', 'Enclosure 1', '2022-10-22 07:14:04', 'Request Time Out'),
	(309, '192.168.10.28', 'Enclosure 1', '2022-10-22 07:19:04', 'Request Time Out'),
	(310, '192.168.10.28', 'Enclosure 1', '2022-10-22 07:24:05', 'Request Time Out'),
	(311, '192.168.10.28', 'Enclosure 1', '2022-10-22 07:29:04', 'Request Time Out'),
	(312, '192.168.10.28', 'Enclosure 1', '2022-10-22 07:34:04', 'Request Time Out'),
	(313, '192.168.10.28', 'Enclosure 1', '2022-10-22 07:39:04', 'Request Time Out'),
	(314, '192.168.10.28', 'Enclosure 1', '2022-10-22 07:44:04', 'Request Time Out'),
	(315, '192.168.10.28', 'Enclosure 1', '2022-10-22 07:49:05', 'Request Time Out'),
	(316, '192.168.10.28', 'Enclosure 1', '2022-10-22 07:54:04', 'Request Time Out'),
	(317, '192.168.10.28', 'Enclosure 1', '2022-10-22 07:59:05', 'Request Time Out'),
	(318, '192.168.10.28', 'Enclosure 1', '2022-10-22 08:04:05', 'Request Time Out'),
	(319, '192.168.10.28', 'Enclosure 1', '2022-10-22 08:09:05', 'Request Time Out'),
	(320, '192.168.10.28', 'Enclosure 1', '2022-10-22 08:14:05', 'Request Time Out'),
	(321, '192.168.10.28', 'Enclosure 1', '2022-10-22 08:19:05', 'Request Time Out'),
	(322, '192.168.10.28', 'Enclosure 1', '2022-10-22 08:24:05', 'Request Time Out'),
	(323, '192.168.10.28', 'Enclosure 1', '2022-10-22 08:29:05', 'Request Time Out'),
	(324, '192.168.10.28', 'Enclosure 1', '2022-10-22 08:34:05', 'Request Time Out'),
	(325, '192.168.10.28', 'Enclosure 1', '2022-10-22 08:39:05', 'Request Time Out'),
	(326, '192.168.10.28', 'Enclosure 1', '2022-10-22 08:44:05', 'Request Time Out'),
	(327, '192.168.10.28', 'Enclosure 1', '2022-10-22 08:49:05', 'Request Time Out'),
	(328, '192.168.10.28', 'Enclosure 1', '2022-10-22 08:54:05', 'Request Time Out'),
	(329, '192.168.10.28', 'Enclosure 1', '2022-10-22 17:59:05', 'Request Time Out'),
	(330, '192.168.10.28', 'Enclosure 1', '2022-10-23 09:14:06', 'Request Time Out'),
	(331, '192.168.10.28', 'Enclosure 1', '2022-10-23 09:19:06', 'Request Time Out'),
	(332, '192.168.10.28', 'Enclosure 1', '2022-10-23 17:19:07', 'Request Time Out'),
	(333, '192.168.10.28', 'Enclosure 1', '2022-10-23 17:34:07', 'Request Time Out'),
	(334, '192.168.10.30', 'Enclosure 2', '2022-10-23 22:59:08', 'Request Time Out'),
	(335, '192.168.10.28', 'Enclosure 1', '2022-10-23 22:59:08', 'Request Time Out'),
	(336, '192.168.10.28', 'Enclosure 1', '2022-10-24 17:21:45', 'Request Time Out'),
	(337, '192.168.10.28', 'Enclosure 1', '2022-10-24 17:52:20', 'Request Time Out'),
	(338, '192.168.10.28', 'Enclosure 1', '2022-10-24 18:07:05', 'Request Time Out'),
	(339, '192.168.10.28', 'Enclosure 1', '2022-10-24 18:47:15', 'Request Time Out'),
	(340, '192.168.10.28', 'Enclosure 1', '2022-10-24 19:45:56', 'Request Time Out'),
	(341, '192.168.10.28', 'Enclosure 1', '2022-10-24 20:15:23', 'Request Time Out'),
	(342, '192.168.10.28', 'Enclosure 1', '2022-10-24 20:20:28', 'Request Time Out'),
	(343, '192.168.10.28', 'Enclosure 1', '2022-10-24 20:31:08', 'Request Time Out'),
	(344, '192.168.10.28', 'Enclosure 1', '2022-10-24 21:00:56', 'Request Time Out'),
	(345, '192.168.10.28', 'Enclosure 1', '2022-10-24 21:02:30', 'Request Time Out'),
	(346, '192.168.10.28', 'Enclosure 1', '2022-10-24 21:15:16', 'Request Time Out'),
	(347, '192.168.10.28', 'Enclosure 1', '2022-10-24 21:30:13', 'Request Time Out'),
	(348, '192.168.10.28', 'Enclosure 1', '2022-10-24 22:07:08', 'Request Time Out'),
	(349, '192.168.10.28', 'Enclosure 1', '2022-10-24 22:44:33', 'Request Time Out'),
	(350, '192.168.10.28', 'Enclosure 1', '2022-10-24 23:13:05', 'Request Time Out'),
	(351, '192.168.10.28', 'Enclosure 1', '2022-10-24 23:42:57', 'Request Time Out'),
	(352, '192.168.10.28', 'Enclosure 1', '2022-10-25 00:01:03', 'Request Time Out'),
	(353, '192.168.10.30', 'Enclosure 2', '2022-10-25 03:09:42', 'Request Time Out'),
	(354, '192.168.11.30', 'Device Absen 1', '2022-11-01 02:31:13', 'Request Time Out'),
	(355, '192.168.11.30', 'Device Absen 1', '2022-11-01 02:31:35', 'Request Time Out'),
	(356, '192.168.11.30', 'Device Absen 1', '2022-11-01 02:31:57', 'Request Time Out'),
	(357, '192.168.11.30', 'Device Absen 1', '2022-11-01 02:32:19', 'Request Time Out'),
	(358, '192.168.11.30', 'Device Absen 1', '2022-11-01 02:32:41', 'Request Time Out'),
	(359, '192.168.11.30', 'Device Absen 1', '2022-11-01 02:33:03', 'Request Time Out'),
	(360, '192.168.11.30', 'Device Absen 1', '2022-11-01 02:33:25', 'Request Time Out'),
	(361, '192.168.11.30', 'Device Absen 1', '2022-11-01 02:33:47', 'Request Time Out'),
	(362, '192.168.11.30', 'Device Absen 1', '2022-11-01 02:34:09', 'Request Time Out'),
	(363, '192.168.11.30', 'Device Absen 1', '2022-11-01 02:34:31', 'Request Time Out'),
	(364, '192.168.11.30', 'Device Absen 1', '2022-11-01 02:34:53', 'Request Time Out'),
	(365, '192.168.11.30', 'Device Absen 1', '2022-11-01 02:35:15', 'Request Time Out'),
	(366, '192.168.11.30', 'Device Absen 1', '2022-11-01 02:35:37', 'Request Time Out'),
	(367, '192.168.11.30', 'Device Absen 1', '2022-11-01 02:35:59', 'Request Time Out'),
	(368, '192.168.11.30', 'Device Absen 1', '2022-11-01 02:36:21', 'Request Time Out'),
	(369, '192.168.11.30', 'Device Absen 1', '2022-11-01 02:36:43', 'Request Time Out'),
	(370, '192.168.11.30', 'Device Absen 1', '2022-11-01 02:37:05', 'Request Time Out'),
	(371, '192.168.11.30', 'Device Absen 1', '2022-11-01 02:37:27', 'Request Time Out'),
	(372, '192.168.11.30', 'Device Absen 1', '2022-11-01 02:37:49', 'Request Time Out'),
	(373, '192.168.11.30', 'Device Absen 1', '2022-11-01 02:38:11', 'Request Time Out'),
	(374, '192.168.11.30', 'Device Absen 1', '2022-11-01 02:38:33', 'Request Time Out'),
	(375, '192.168.11.30', 'Device Absen 1', '2022-11-01 02:38:55', 'Request Time Out'),
	(376, '192.168.11.30', 'Device Absen 1', '2022-11-01 02:39:17', 'Request Time Out'),
	(377, '192.168.11.30', 'Device Absen 1', '2022-11-01 02:39:39', 'Request Time Out'),
	(378, '192.168.11.30', 'Device Absen 1', '2022-11-01 02:40:01', 'Request Time Out'),
	(379, '192.168.11.30', 'Device Absen 1', '2022-11-01 02:40:23', 'Request Time Out'),
	(380, '192.168.11.30', 'Device Absen 1', '2022-11-01 02:40:45', 'Request Time Out'),
	(381, '192.168.11.30', 'Device Absen 1', '2022-11-01 02:41:07', 'Request Time Out'),
	(382, '192.168.11.30', 'Device Absen 1', '2022-11-01 02:41:29', 'Request Time Out'),
	(383, '192.168.11.30', 'Device Absen 1', '2022-11-01 02:41:51', 'Request Time Out'),
	(384, '192.168.11.30', 'Device Absen 1', '2022-11-01 02:42:13', 'Request Time Out'),
	(385, '192.168.11.30', 'Device Absen 1', '2022-11-01 02:42:35', 'Request Time Out'),
	(386, '192.168.11.30', 'Device Absen 1', '2022-11-01 02:42:57', 'Request Time Out'),
	(387, '192.168.11.30', 'Device Absen 1', '2022-11-01 02:43:19', 'Request Time Out'),
	(388, '192.168.11.30', 'Device Absen 1', '2022-11-01 02:43:41', 'Request Time Out'),
	(389, '192.168.11.30', 'Device Absen 1', '2022-11-01 02:44:03', 'Request Time Out'),
	(390, '192.168.11.30', 'Device Absen 1', '2022-11-01 02:44:25', 'Request Time Out'),
	(391, '192.168.11.30', 'Device Absen 1', '2022-11-01 02:44:47', 'Request Time Out'),
	(392, '192.168.11.30', 'Device Absen 1', '2022-11-01 02:45:09', 'Request Time Out'),
	(393, '192.168.11.30', 'Device Absen 1', '2022-11-01 02:45:31', 'Request Time Out'),
	(394, '192.168.11.30', 'Device Absen 1', '2022-11-01 02:45:53', 'Request Time Out'),
	(395, '192.168.11.30', 'Device Absen 1', '2022-11-01 02:46:15', 'Request Time Out'),
	(396, '192.168.11.30', 'Device Absen 1', '2022-11-01 02:46:37', 'Request Time Out'),
	(397, '192.168.11.30', 'Device Absen 1', '2022-11-01 02:46:59', 'Request Time Out'),
	(398, '192.168.11.30', 'Device Absen 1', '2022-11-01 02:47:21', 'Request Time Out'),
	(399, '192.168.11.30', 'Device Absen 1', '2022-11-01 02:47:43', 'Request Time Out'),
	(400, '192.168.11.30', 'Device Absen 1', '2022-11-01 02:48:05', 'Request Time Out'),
	(401, '192.168.11.30', 'Device Absen 1', '2022-11-01 02:48:27', 'Request Time Out'),
	(402, '192.168.11.30', 'Device Absen 1', '2022-11-01 02:48:49', 'Request Time Out'),
	(403, '192.168.11.30', 'Device Absen 1', '2022-11-01 02:49:11', 'Request Time Out'),
	(404, '192.168.11.30', 'Device Absen 1', '2022-11-01 02:49:33', 'Request Time Out'),
	(405, '192.168.11.30', 'Device Absen 1', '2022-11-01 02:49:55', 'Request Time Out'),
	(406, '192.168.11.30', 'Device Absen 1', '2022-11-01 02:50:17', 'Request Time Out'),
	(407, '192.168.11.30', 'Device Absen 1', '2022-11-01 02:50:39', 'Request Time Out'),
	(408, '192.168.11.30', 'Device Absen 1', '2022-11-01 02:51:01', 'Request Time Out'),
	(409, '192.168.11.30', 'Device Absen 1', '2022-11-01 02:51:23', 'Request Time Out'),
	(410, '192.168.11.30', 'Device Absen 1', '2022-11-01 02:51:45', 'Request Time Out'),
	(411, '192.168.11.30', 'Device Absen 1', '2022-11-01 02:52:07', 'Request Time Out'),
	(412, '192.168.11.30', 'Device Absen 1', '2022-11-01 02:52:29', 'Request Time Out'),
	(413, '192.168.11.30', 'Device Absen 1', '2022-11-01 02:52:51', 'Request Time Out'),
	(414, '192.168.11.30', 'Device Absen 1', '2022-11-01 02:53:13', 'Request Time Out'),
	(415, '192.168.11.30', 'Device Absen 1', '2022-11-01 02:53:35', 'Request Time Out'),
	(416, '192.168.11.30', 'Device Absen 1', '2022-11-01 02:53:57', 'Request Time Out'),
	(417, '192.168.11.30', 'Device Absen 1', '2022-11-01 02:54:19', 'Request Time Out'),
	(418, '192.168.11.30', 'Device Absen 1', '2022-11-01 02:54:41', 'Request Time Out'),
	(419, '192.168.11.30', 'Device Absen 1', '2022-11-01 02:55:03', 'Request Time Out'),
	(420, '192.168.11.30', 'Device Absen 1', '2022-11-01 02:55:25', 'Request Time Out'),
	(421, '192.168.11.30', 'Device Absen 1', '2022-11-01 02:55:47', 'Request Time Out'),
	(422, '192.168.11.30', 'Device Absen 1', '2022-11-01 02:56:09', 'Request Time Out'),
	(423, '192.168.11.30', 'Device Absen 1', '2022-11-01 02:56:31', 'Request Time Out'),
	(424, '192.168.11.30', 'Device Absen 1', '2022-11-01 02:56:53', 'Request Time Out'),
	(425, '192.168.11.30', 'Device Absen 1', '2022-11-01 02:57:15', 'Request Time Out'),
	(426, '192.168.11.30', 'Device Absen 1', '2022-11-01 02:57:37', 'Request Time Out'),
	(427, '192.168.11.30', 'Device Absen 1', '2022-11-01 02:57:59', 'Request Time Out'),
	(428, '192.168.11.30', 'Device Absen 1', '2022-11-01 02:58:21', 'Request Time Out');

-- Dumping structure for table call_center.tbl_accident_fu_800l
CREATE TABLE IF NOT EXISTS `tbl_accident_fu_800l` (
  `id_fu` int(11) NOT NULL AUTO_INCREMENT,
  `ip_address` varchar(16) NOT NULL,
  `server` varchar(30) NOT NULL,
  `npk` varchar(6) NOT NULL,
  `no_hp` varchar(15) NOT NULL,
  `date` timestamp NOT NULL DEFAULT current_timestamp() ON UPDATE current_timestamp(),
  `follow_up` int(11) NOT NULL,
  `follow_up_date` datetime NOT NULL,
  `nt` int(11) NOT NULL,
  `nt_date` datetime NOT NULL,
  `rs` int(11) NOT NULL,
  `rs_date` datetime NOT NULL,
  `status` varchar(25) NOT NULL,
  PRIMARY KEY (`id_fu`)
) ENGINE=InnoDB AUTO_INCREMENT=346 DEFAULT CHARSET=utf8mb4;

-- Dumping data for table call_center.tbl_accident_fu_800l: ~0 rows (approximately)

-- Dumping structure for table call_center.tbl_accident_fu_mcu
CREATE TABLE IF NOT EXISTS `tbl_accident_fu_mcu` (
  `id_fu` int(11) NOT NULL AUTO_INCREMENT,
  `ip_address` varchar(16) NOT NULL,
  `server` varchar(30) NOT NULL,
  `npk` varchar(6) NOT NULL,
  `no_hp` varchar(15) NOT NULL,
  `date` timestamp NOT NULL DEFAULT current_timestamp() ON UPDATE current_timestamp(),
  `follow_up` int(11) NOT NULL,
  `follow_up_date` datetime NOT NULL,
  `nt` int(11) NOT NULL,
  `nt_date` datetime NOT NULL,
  `rs` int(11) NOT NULL,
  `rs_date` datetime NOT NULL,
  `status` varchar(25) NOT NULL,
  PRIMARY KEY (`id_fu`)
) ENGINE=InnoDB AUTO_INCREMENT=368 DEFAULT CHARSET=utf8mb4;

-- Dumping data for table call_center.tbl_accident_fu_mcu: ~310 rows (approximately)
INSERT INTO `tbl_accident_fu_mcu` (`id_fu`, `ip_address`, `server`, `npk`, `no_hp`, `date`, `follow_up`, `follow_up_date`, `nt`, `nt_date`, `rs`, `rs_date`, `status`) VALUES
	(58, '192.168.10.28', 'Enclosure 1', '01563', '6281584455030', '2022-10-19 04:09:57', 0, '0000-00-00 00:00:00', 0, '0000-00-00 00:00:00', 0, '0000-00-00 00:00:00', 'Request Time Out'),
	(59, '192.168.10.31', 'Enclosure 3', '01563', '6281584455030', '2022-10-19 09:10:01', 0, '0000-00-00 00:00:00', 0, '0000-00-00 00:00:00', 0, '0000-00-00 00:00:00', 'Request Time Out'),
	(60, '192.168.10.32', 'Enclosure 4', '01563', '6281584455030', '2022-10-19 09:10:09', 0, '0000-00-00 00:00:00', 0, '0000-00-00 00:00:00', 0, '0000-00-00 00:00:00', 'Request Time Out'),
	(61, '192.168.10.28', 'Enclosure 1', '01314', '6287877600297', '2022-10-19 09:46:02', 0, '0000-00-00 00:00:00', 0, '0000-00-00 00:00:00', 0, '0000-00-00 00:00:00', 'Request Time Out'),
	(62, '192.168.8.172', 'Data Centre', '01563', '6281584455030', '2022-10-19 23:08:16', 0, '0000-00-00 00:00:00', 0, '0000-00-00 00:00:00', 0, '0000-00-00 00:00:00', 'Request Time Out'),
	(63, '192.168.10.28', 'Enclosure 1', 'P1074', '6289640208515', '2022-10-19 23:09:55', 0, '0000-00-00 00:00:00', 0, '0000-00-00 00:00:00', 0, '0000-00-00 00:00:00', 'Request Time Out'),
	(64, '192.168.10.28', 'Enclosure 1', '01934', '6281293796752', '2022-10-20 04:00:08', 0, '0000-00-00 00:00:00', 0, '0000-00-00 00:00:00', 0, '0000-00-00 00:00:00', 'Request Time Out'),
	(65, '192.168.10.28', 'Enclosure 1', '01563', '6281584455030', '2022-10-20 04:05:29', 0, '0000-00-00 00:00:00', 0, '0000-00-00 00:00:00', 0, '0000-00-00 00:00:00', 'Request Time Out'),
	(66, '192.168.10.30', 'Enclosure 2', '01563', '6281584455030', '2022-10-21 00:50:37', 0, '0000-00-00 00:00:00', 0, '0000-00-00 00:00:00', 0, '0000-00-00 00:00:00', 'Request Time Out'),
	(67, '192.168.10.28', 'Enclosure 1', '01314', '6287877600297', '2022-10-21 00:50:37', 0, '0000-00-00 00:00:00', 0, '0000-00-00 00:00:00', 0, '0000-00-00 00:00:00', 'Request Time Out'),
	(68, '192.168.8.81', 'IP Pak Tahid', 'P1066', '6282135069720', '2022-10-21 02:19:02', 0, '0000-00-00 00:00:00', 0, '0000-00-00 00:00:00', 0, '0000-00-00 00:00:00', 'Request Time Out'),
	(69, '192.168.8.81', 'IP Pak Tahid', '01934', '6281293796752', '2022-10-21 02:24:02', 0, '0000-00-00 00:00:00', 0, '0000-00-00 00:00:00', 0, '0000-00-00 00:00:00', 'Request Time Out'),
	(70, '192.168.8.81', 'IP Pak Tahid', 'P1066', '6282135069720', '2022-10-21 03:04:02', 0, '0000-00-00 00:00:00', 0, '0000-00-00 00:00:00', 0, '0000-00-00 00:00:00', 'Request Time Out'),
	(71, '192.168.8.81', 'IP Pak Tahid', '01934', '6281293796752', '2022-10-21 03:09:02', 0, '0000-00-00 00:00:00', 0, '0000-00-00 00:00:00', 0, '0000-00-00 00:00:00', 'Request Time Out'),
	(72, '192.168.8.81', 'IP Pak Tahid', 'P1066', '6282135069720', '2022-10-21 03:14:02', 0, '0000-00-00 00:00:00', 0, '0000-00-00 00:00:00', 0, '0000-00-00 00:00:00', 'Request Time Out'),
	(73, '192.168.8.81', 'IP Pak Tahid', '01934', '6281293796752', '2022-10-21 03:19:02', 0, '0000-00-00 00:00:00', 0, '0000-00-00 00:00:00', 0, '0000-00-00 00:00:00', 'Request Time Out'),
	(74, '192.168.8.81', 'IP Pak Tahid', 'P1066', '6282135069720', '2022-10-21 03:24:02', 0, '0000-00-00 00:00:00', 0, '0000-00-00 00:00:00', 0, '0000-00-00 00:00:00', 'Request Time Out'),
	(75, '192.168.8.81', 'IP Pak Tahid', '01934', '6281293796752', '2022-10-21 03:29:02', 0, '0000-00-00 00:00:00', 0, '0000-00-00 00:00:00', 0, '0000-00-00 00:00:00', 'Request Time Out'),
	(76, '192.168.8.81', 'IP Pak Tahid', 'P1066', '6282135069720', '2022-10-21 03:34:02', 0, '0000-00-00 00:00:00', 0, '0000-00-00 00:00:00', 0, '0000-00-00 00:00:00', 'Request Time Out'),
	(77, '192.168.10.28', 'Enclosure 1', 'P1074', '6289640208515', '2022-10-21 03:39:02', 0, '0000-00-00 00:00:00', 0, '0000-00-00 00:00:00', 0, '0000-00-00 00:00:00', 'Request Time Out'),
	(78, '192.168.8.81', 'IP Pak Tahid', '01934', '6281293796752', '2022-10-21 03:39:02', 0, '0000-00-00 00:00:00', 0, '0000-00-00 00:00:00', 0, '0000-00-00 00:00:00', 'Request Time Out'),
	(79, '192.168.10.28', 'Enclosure 1', '01934', '6281293796752', '2022-10-21 07:09:03', 0, '0000-00-00 00:00:00', 0, '0000-00-00 00:00:00', 0, '0000-00-00 00:00:00', 'Request Time Out'),
	(80, '192.168.8.81', 'IP Pak Tahid', 'P1066', '6282135069720', '2022-10-21 07:09:03', 0, '0000-00-00 00:00:00', 0, '0000-00-00 00:00:00', 0, '0000-00-00 00:00:00', 'Request Time Out'),
	(81, '192.168.10.28', 'Enclosure 1', '01563', '6281584455030', '2022-10-21 07:14:02', 0, '0000-00-00 00:00:00', 0, '0000-00-00 00:00:00', 0, '0000-00-00 00:00:00', 'Request Time Out'),
	(82, '192.168.10.28', 'Enclosure 1', '01314', '6287877600297', '2022-10-21 07:19:03', 0, '0000-00-00 00:00:00', 0, '0000-00-00 00:00:00', 0, '0000-00-00 00:00:00', 'Request Time Out'),
	(83, '192.168.10.30', 'Enclosure 2', '01314', '6287877600297', '2022-10-21 09:54:03', 0, '0000-00-00 00:00:00', 0, '0000-00-00 00:00:00', 0, '0000-00-00 00:00:00', 'Request Time Out'),
	(84, '192.168.10.28', 'Enclosure 1', 'P1074', '6289640208515', '2022-10-21 09:54:03', 0, '0000-00-00 00:00:00', 0, '0000-00-00 00:00:00', 0, '0000-00-00 00:00:00', 'Request Time Out'),
	(85, '192.168.8.81', 'IP Pak Tahid', '01934', '6281293796752', '2022-10-21 10:34:03', 0, '0000-00-00 00:00:00', 0, '0000-00-00 00:00:00', 0, '0000-00-00 00:00:00', 'Request Time Out'),
	(86, '192.168.8.81', 'IP Pak Tahid', 'P1066', '6282135069720', '2022-10-21 10:39:03', 0, '0000-00-00 00:00:00', 0, '0000-00-00 00:00:00', 0, '0000-00-00 00:00:00', 'Request Time Out'),
	(87, '192.168.8.81', 'IP Pak Tahid', '01934', '6281293796752', '2022-10-21 10:44:03', 0, '0000-00-00 00:00:00', 0, '0000-00-00 00:00:00', 0, '0000-00-00 00:00:00', 'Request Time Out'),
	(88, '192.168.8.81', 'IP Pak Tahid', 'P1066', '6282135069720', '2022-10-21 10:49:03', 0, '0000-00-00 00:00:00', 0, '0000-00-00 00:00:00', 0, '0000-00-00 00:00:00', 'Request Time Out'),
	(89, '192.168.8.81', 'IP Pak Tahid', '01934', '6281293796752', '2022-10-21 10:54:03', 0, '0000-00-00 00:00:00', 0, '0000-00-00 00:00:00', 0, '0000-00-00 00:00:00', 'Request Time Out'),
	(90, '192.168.8.81', 'IP Pak Tahid', 'P1066', '6282135069720', '2022-10-21 10:59:03', 0, '0000-00-00 00:00:00', 0, '0000-00-00 00:00:00', 0, '0000-00-00 00:00:00', 'Request Time Out'),
	(91, '192.168.8.81', 'IP Pak Tahid', '01934', '6281293796752', '2022-10-21 11:04:03', 0, '0000-00-00 00:00:00', 0, '0000-00-00 00:00:00', 0, '0000-00-00 00:00:00', 'Request Time Out'),
	(92, '192.168.8.81', 'IP Pak Tahid', 'P1066', '6282135069720', '2022-10-21 11:09:03', 0, '0000-00-00 00:00:00', 0, '0000-00-00 00:00:00', 0, '0000-00-00 00:00:00', 'Request Time Out'),
	(93, '192.168.8.81', 'IP Pak Tahid', '01934', '6281293796752', '2022-10-21 11:14:03', 0, '0000-00-00 00:00:00', 0, '0000-00-00 00:00:00', 0, '0000-00-00 00:00:00', 'Request Time Out'),
	(94, '192.168.8.81', 'IP Pak Tahid', 'P1066', '6282135069720', '2022-10-21 11:19:03', 0, '0000-00-00 00:00:00', 0, '0000-00-00 00:00:00', 0, '0000-00-00 00:00:00', 'Request Time Out'),
	(95, '192.168.8.81', 'IP Pak Tahid', '01934', '6281293796752', '2022-10-21 11:24:03', 0, '0000-00-00 00:00:00', 0, '0000-00-00 00:00:00', 0, '0000-00-00 00:00:00', 'Request Time Out'),
	(96, '192.168.8.81', 'IP Pak Tahid', 'P1066', '6282135069720', '2022-10-21 11:29:03', 0, '0000-00-00 00:00:00', 0, '0000-00-00 00:00:00', 0, '0000-00-00 00:00:00', 'Request Time Out'),
	(97, '192.168.8.81', 'IP Pak Tahid', '01934', '6281293796752', '2022-10-21 11:34:03', 0, '0000-00-00 00:00:00', 0, '0000-00-00 00:00:00', 0, '0000-00-00 00:00:00', 'Request Time Out'),
	(98, '192.168.8.81', 'IP Pak Tahid', 'P1066', '6282135069720', '2022-10-21 11:39:03', 0, '0000-00-00 00:00:00', 0, '0000-00-00 00:00:00', 0, '0000-00-00 00:00:00', 'Request Time Out'),
	(99, '192.168.8.81', 'IP Pak Tahid', '01934', '6281293796752', '2022-10-21 11:44:03', 0, '0000-00-00 00:00:00', 0, '0000-00-00 00:00:00', 0, '0000-00-00 00:00:00', 'Request Time Out'),
	(100, '192.168.8.81', 'IP Pak Tahid', 'P1066', '6282135069720', '2022-10-21 11:49:03', 0, '0000-00-00 00:00:00', 0, '0000-00-00 00:00:00', 0, '0000-00-00 00:00:00', 'Request Time Out'),
	(101, '192.168.10.28', 'Enclosure 1', '01934', '6281293796752', '2022-10-21 16:49:04', 0, '0000-00-00 00:00:00', 0, '0000-00-00 00:00:00', 0, '0000-00-00 00:00:00', 'Request Time Out'),
	(102, '192.168.10.28', 'Enclosure 1', '01563', '6281584455030', '2022-10-21 16:54:04', 0, '0000-00-00 00:00:00', 0, '0000-00-00 00:00:00', 0, '0000-00-00 00:00:00', 'Request Time Out'),
	(103, '192.168.10.28', 'Enclosure 1', '01314', '6287877600297', '2022-10-21 16:59:04', 0, '0000-00-00 00:00:00', 0, '0000-00-00 00:00:00', 0, '0000-00-00 00:00:00', 'Request Time Out'),
	(104, '192.168.10.28', 'Enclosure 1', 'P1074', '6289640208515', '2022-10-21 17:04:04', 0, '0000-00-00 00:00:00', 0, '0000-00-00 00:00:00', 0, '0000-00-00 00:00:00', 'Request Time Out'),
	(105, '192.168.10.28', 'Enclosure 1', '01934', '6281293796752', '2022-10-21 17:09:03', 0, '0000-00-00 00:00:00', 0, '0000-00-00 00:00:00', 0, '0000-00-00 00:00:00', 'Request Time Out'),
	(106, '192.168.10.28', 'Enclosure 1', '01563', '6281584455030', '2022-10-21 17:14:04', 0, '0000-00-00 00:00:00', 0, '0000-00-00 00:00:00', 0, '0000-00-00 00:00:00', 'Request Time Out'),
	(107, '192.168.10.28', 'Enclosure 1', '01314', '6287877600297', '2022-10-21 17:19:04', 0, '0000-00-00 00:00:00', 0, '0000-00-00 00:00:00', 0, '0000-00-00 00:00:00', 'Request Time Out'),
	(108, '192.168.10.28', 'Enclosure 1', 'P1074', '6289640208515', '2022-10-21 17:24:04', 0, '0000-00-00 00:00:00', 0, '0000-00-00 00:00:00', 0, '0000-00-00 00:00:00', 'Request Time Out'),
	(109, '192.168.10.28', 'Enclosure 1', '01934', '6281293796752', '2022-10-21 17:29:04', 0, '0000-00-00 00:00:00', 0, '0000-00-00 00:00:00', 0, '0000-00-00 00:00:00', 'Request Time Out'),
	(110, '192.168.10.28', 'Enclosure 1', '01563', '6281584455030', '2022-10-21 17:34:04', 0, '0000-00-00 00:00:00', 0, '0000-00-00 00:00:00', 0, '0000-00-00 00:00:00', 'Request Time Out'),
	(111, '192.168.10.28', 'Enclosure 1', '01314', '6287877600297', '2022-10-21 17:39:04', 0, '0000-00-00 00:00:00', 0, '0000-00-00 00:00:00', 0, '0000-00-00 00:00:00', 'Request Time Out'),
	(112, '192.168.10.28', 'Enclosure 1', 'P1074', '6289640208515', '2022-10-21 17:44:03', 0, '0000-00-00 00:00:00', 0, '0000-00-00 00:00:00', 0, '0000-00-00 00:00:00', 'Request Time Out'),
	(113, '192.168.10.28', 'Enclosure 1', '01934', '6281293796752', '2022-10-21 17:49:04', 0, '0000-00-00 00:00:00', 0, '0000-00-00 00:00:00', 0, '0000-00-00 00:00:00', 'Request Time Out'),
	(114, '192.168.10.28', 'Enclosure 1', '01563', '6281584455030', '2022-10-21 17:54:04', 0, '0000-00-00 00:00:00', 0, '0000-00-00 00:00:00', 0, '0000-00-00 00:00:00', 'Request Time Out'),
	(115, '192.168.10.28', 'Enclosure 1', '01314', '6287877600297', '2022-10-21 17:59:04', 0, '0000-00-00 00:00:00', 0, '0000-00-00 00:00:00', 0, '0000-00-00 00:00:00', 'Request Time Out'),
	(116, '192.168.10.28', 'Enclosure 1', 'P1074', '6289640208515', '2022-10-21 18:04:04', 0, '0000-00-00 00:00:00', 0, '0000-00-00 00:00:00', 0, '0000-00-00 00:00:00', 'Request Time Out'),
	(117, '192.168.10.28', 'Enclosure 1', '01934', '6281293796752', '2022-10-21 18:09:04', 0, '0000-00-00 00:00:00', 0, '0000-00-00 00:00:00', 0, '0000-00-00 00:00:00', 'Request Time Out'),
	(118, '192.168.10.28', 'Enclosure 1', '01563', '6281584455030', '2022-10-21 18:14:04', 0, '0000-00-00 00:00:00', 0, '0000-00-00 00:00:00', 0, '0000-00-00 00:00:00', 'Request Time Out'),
	(119, '192.168.10.28', 'Enclosure 1', '01314', '6287877600297', '2022-10-21 18:19:04', 0, '0000-00-00 00:00:00', 0, '0000-00-00 00:00:00', 0, '0000-00-00 00:00:00', 'Request Time Out'),
	(120, '192.168.10.28', 'Enclosure 1', 'P1074', '6289640208515', '2022-10-21 18:24:04', 0, '0000-00-00 00:00:00', 0, '0000-00-00 00:00:00', 0, '0000-00-00 00:00:00', 'Request Time Out'),
	(121, '192.168.10.28', 'Enclosure 1', '01934', '6281293796752', '2022-10-21 18:29:04', 0, '0000-00-00 00:00:00', 0, '0000-00-00 00:00:00', 0, '0000-00-00 00:00:00', 'Request Time Out'),
	(122, '192.168.10.28', 'Enclosure 1', '01563', '6281584455030', '2022-10-21 18:34:04', 0, '0000-00-00 00:00:00', 0, '0000-00-00 00:00:00', 0, '0000-00-00 00:00:00', 'Request Time Out'),
	(123, '192.168.10.28', 'Enclosure 1', '01314', '6287877600297', '2022-10-21 18:39:04', 0, '0000-00-00 00:00:00', 0, '0000-00-00 00:00:00', 0, '0000-00-00 00:00:00', 'Request Time Out'),
	(124, '192.168.10.28', 'Enclosure 1', 'P1074', '6289640208515', '2022-10-21 18:44:04', 0, '0000-00-00 00:00:00', 0, '0000-00-00 00:00:00', 0, '0000-00-00 00:00:00', 'Request Time Out'),
	(125, '192.168.10.28', 'Enclosure 1', '01934', '6281293796752', '2022-10-21 18:49:04', 0, '0000-00-00 00:00:00', 0, '0000-00-00 00:00:00', 0, '0000-00-00 00:00:00', 'Request Time Out'),
	(126, '192.168.10.28', 'Enclosure 1', '01563', '6281584455030', '2022-10-21 18:54:04', 0, '0000-00-00 00:00:00', 0, '0000-00-00 00:00:00', 0, '0000-00-00 00:00:00', 'Request Time Out'),
	(127, '192.168.10.28', 'Enclosure 1', '01314', '6287877600297', '2022-10-21 18:59:04', 0, '0000-00-00 00:00:00', 0, '0000-00-00 00:00:00', 0, '0000-00-00 00:00:00', 'Request Time Out'),
	(128, '192.168.10.28', 'Enclosure 1', 'P1074', '6289640208515', '2022-10-21 19:04:04', 0, '0000-00-00 00:00:00', 0, '0000-00-00 00:00:00', 0, '0000-00-00 00:00:00', 'Request Time Out'),
	(129, '192.168.10.28', 'Enclosure 1', '01934', '6281293796752', '2022-10-21 19:09:04', 0, '0000-00-00 00:00:00', 0, '0000-00-00 00:00:00', 0, '0000-00-00 00:00:00', 'Request Time Out'),
	(130, '192.168.10.28', 'Enclosure 1', '01563', '6281584455030', '2022-10-21 19:14:04', 0, '0000-00-00 00:00:00', 0, '0000-00-00 00:00:00', 0, '0000-00-00 00:00:00', 'Request Time Out'),
	(131, '192.168.10.28', 'Enclosure 1', '01314', '6287877600297', '2022-10-21 19:19:04', 0, '0000-00-00 00:00:00', 0, '0000-00-00 00:00:00', 0, '0000-00-00 00:00:00', 'Request Time Out'),
	(132, '192.168.10.28', 'Enclosure 1', 'P1074', '6289640208515', '2022-10-21 19:24:04', 0, '0000-00-00 00:00:00', 0, '0000-00-00 00:00:00', 0, '0000-00-00 00:00:00', 'Request Time Out'),
	(133, '192.168.10.28', 'Enclosure 1', '01934', '6281293796752', '2022-10-21 19:29:04', 0, '0000-00-00 00:00:00', 0, '0000-00-00 00:00:00', 0, '0000-00-00 00:00:00', 'Request Time Out'),
	(134, '192.168.10.28', 'Enclosure 1', '01563', '6281584455030', '2022-10-21 19:34:04', 0, '0000-00-00 00:00:00', 0, '0000-00-00 00:00:00', 0, '0000-00-00 00:00:00', 'Request Time Out'),
	(135, '192.168.10.28', 'Enclosure 1', '01314', '6287877600297', '2022-10-21 19:39:04', 0, '0000-00-00 00:00:00', 0, '0000-00-00 00:00:00', 0, '0000-00-00 00:00:00', 'Request Time Out'),
	(136, '192.168.10.28', 'Enclosure 1', 'P1074', '6289640208515', '2022-10-21 19:44:04', 0, '0000-00-00 00:00:00', 0, '0000-00-00 00:00:00', 0, '0000-00-00 00:00:00', 'Request Time Out'),
	(137, '192.168.10.28', 'Enclosure 1', '01934', '6281293796752', '2022-10-21 19:49:04', 0, '0000-00-00 00:00:00', 0, '0000-00-00 00:00:00', 0, '0000-00-00 00:00:00', 'Request Time Out'),
	(138, '192.168.10.28', 'Enclosure 1', '01563', '6281584455030', '2022-10-21 19:54:04', 0, '0000-00-00 00:00:00', 0, '0000-00-00 00:00:00', 0, '0000-00-00 00:00:00', 'Request Time Out'),
	(139, '192.168.10.28', 'Enclosure 1', '01314', '6287877600297', '2022-10-21 19:59:04', 0, '0000-00-00 00:00:00', 0, '0000-00-00 00:00:00', 0, '0000-00-00 00:00:00', 'Request Time Out'),
	(140, '192.168.10.28', 'Enclosure 1', 'P1074', '6289640208515', '2022-10-21 20:04:04', 0, '0000-00-00 00:00:00', 0, '0000-00-00 00:00:00', 0, '0000-00-00 00:00:00', 'Request Time Out'),
	(141, '192.168.10.28', 'Enclosure 1', '01934', '6281293796752', '2022-10-21 20:09:04', 0, '0000-00-00 00:00:00', 0, '0000-00-00 00:00:00', 0, '0000-00-00 00:00:00', 'Request Time Out'),
	(142, '192.168.10.28', 'Enclosure 1', '01563', '6281584455030', '2022-10-21 20:14:04', 0, '0000-00-00 00:00:00', 0, '0000-00-00 00:00:00', 0, '0000-00-00 00:00:00', 'Request Time Out'),
	(143, '192.168.10.28', 'Enclosure 1', '01314', '6287877600297', '2022-10-21 20:19:04', 0, '0000-00-00 00:00:00', 0, '0000-00-00 00:00:00', 0, '0000-00-00 00:00:00', 'Request Time Out'),
	(144, '192.168.10.28', 'Enclosure 1', 'P1074', '6289640208515', '2022-10-21 20:24:04', 0, '0000-00-00 00:00:00', 0, '0000-00-00 00:00:00', 0, '0000-00-00 00:00:00', 'Request Time Out'),
	(145, '192.168.10.28', 'Enclosure 1', '01934', '6281293796752', '2022-10-21 20:29:04', 0, '0000-00-00 00:00:00', 0, '0000-00-00 00:00:00', 0, '0000-00-00 00:00:00', 'Request Time Out'),
	(146, '192.168.10.28', 'Enclosure 1', '01563', '6281584455030', '2022-10-21 20:34:04', 0, '0000-00-00 00:00:00', 0, '0000-00-00 00:00:00', 0, '0000-00-00 00:00:00', 'Request Time Out'),
	(147, '192.168.10.28', 'Enclosure 1', '01314', '6287877600297', '2022-10-21 20:39:04', 0, '0000-00-00 00:00:00', 0, '0000-00-00 00:00:00', 0, '0000-00-00 00:00:00', 'Request Time Out'),
	(148, '192.168.10.28', 'Enclosure 1', 'P1074', '6289640208515', '2022-10-21 20:44:04', 0, '0000-00-00 00:00:00', 0, '0000-00-00 00:00:00', 0, '0000-00-00 00:00:00', 'Request Time Out'),
	(149, '192.168.10.28', 'Enclosure 1', '01934', '6281293796752', '2022-10-21 20:49:04', 0, '0000-00-00 00:00:00', 0, '0000-00-00 00:00:00', 0, '0000-00-00 00:00:00', 'Request Time Out'),
	(150, '192.168.10.28', 'Enclosure 1', '01563', '6281584455030', '2022-10-21 20:54:04', 0, '0000-00-00 00:00:00', 0, '0000-00-00 00:00:00', 0, '0000-00-00 00:00:00', 'Request Time Out'),
	(151, '192.168.10.28', 'Enclosure 1', '01314', '6287877600297', '2022-10-21 20:59:04', 0, '0000-00-00 00:00:00', 0, '0000-00-00 00:00:00', 0, '0000-00-00 00:00:00', 'Request Time Out'),
	(152, '192.168.10.28', 'Enclosure 1', 'P1074', '6289640208515', '2022-10-21 21:04:04', 0, '0000-00-00 00:00:00', 0, '0000-00-00 00:00:00', 0, '0000-00-00 00:00:00', 'Request Time Out'),
	(153, '192.168.10.28', 'Enclosure 1', '01934', '6281293796752', '2022-10-21 21:09:04', 0, '0000-00-00 00:00:00', 0, '0000-00-00 00:00:00', 0, '0000-00-00 00:00:00', 'Request Time Out'),
	(154, '192.168.10.28', 'Enclosure 1', '01563', '6281584455030', '2022-10-21 21:14:04', 0, '0000-00-00 00:00:00', 0, '0000-00-00 00:00:00', 0, '0000-00-00 00:00:00', 'Request Time Out'),
	(155, '192.168.10.28', 'Enclosure 1', '01314', '6287877600297', '2022-10-21 21:19:04', 0, '0000-00-00 00:00:00', 0, '0000-00-00 00:00:00', 0, '0000-00-00 00:00:00', 'Request Time Out'),
	(156, '192.168.10.28', 'Enclosure 1', 'P1074', '6289640208515', '2022-10-21 21:24:04', 0, '0000-00-00 00:00:00', 0, '0000-00-00 00:00:00', 0, '0000-00-00 00:00:00', 'Request Time Out'),
	(157, '192.168.10.28', 'Enclosure 1', '01934', '6281293796752', '2022-10-21 21:29:04', 0, '0000-00-00 00:00:00', 0, '0000-00-00 00:00:00', 0, '0000-00-00 00:00:00', 'Request Time Out'),
	(158, '192.168.10.28', 'Enclosure 1', '01563', '6281584455030', '2022-10-21 21:34:04', 0, '0000-00-00 00:00:00', 0, '0000-00-00 00:00:00', 0, '0000-00-00 00:00:00', 'Request Time Out'),
	(159, '192.168.10.28', 'Enclosure 1', '01314', '6287877600297', '2022-10-21 21:39:04', 0, '0000-00-00 00:00:00', 0, '0000-00-00 00:00:00', 0, '0000-00-00 00:00:00', 'Request Time Out'),
	(160, '192.168.10.28', 'Enclosure 1', 'P1074', '6289640208515', '2022-10-21 21:44:04', 0, '0000-00-00 00:00:00', 0, '0000-00-00 00:00:00', 0, '0000-00-00 00:00:00', 'Request Time Out'),
	(161, '192.168.10.28', 'Enclosure 1', '01934', '6281293796752', '2022-10-21 21:49:04', 0, '0000-00-00 00:00:00', 0, '0000-00-00 00:00:00', 0, '0000-00-00 00:00:00', 'Request Time Out'),
	(162, '192.168.10.28', 'Enclosure 1', '01563', '6281584455030', '2022-10-21 21:54:04', 0, '0000-00-00 00:00:00', 0, '0000-00-00 00:00:00', 0, '0000-00-00 00:00:00', 'Request Time Out'),
	(163, '192.168.10.28', 'Enclosure 1', '01314', '6287877600297', '2022-10-21 21:59:04', 0, '0000-00-00 00:00:00', 0, '0000-00-00 00:00:00', 0, '0000-00-00 00:00:00', 'Request Time Out'),
	(164, '192.168.10.28', 'Enclosure 1', 'P1074', '6289640208515', '2022-10-21 22:04:04', 0, '0000-00-00 00:00:00', 0, '0000-00-00 00:00:00', 0, '0000-00-00 00:00:00', 'Request Time Out'),
	(165, '192.168.10.28', 'Enclosure 1', '01934', '6281293796752', '2022-10-21 22:09:04', 0, '0000-00-00 00:00:00', 0, '0000-00-00 00:00:00', 0, '0000-00-00 00:00:00', 'Request Time Out'),
	(166, '192.168.10.28', 'Enclosure 1', '01563', '6281584455030', '2022-10-21 22:14:04', 0, '0000-00-00 00:00:00', 0, '0000-00-00 00:00:00', 0, '0000-00-00 00:00:00', 'Request Time Out'),
	(167, '192.168.10.28', 'Enclosure 1', '01314', '6287877600297', '2022-10-21 22:19:04', 0, '0000-00-00 00:00:00', 0, '0000-00-00 00:00:00', 0, '0000-00-00 00:00:00', 'Request Time Out'),
	(168, '192.168.10.28', 'Enclosure 1', 'P1074', '6289640208515', '2022-10-21 22:24:04', 0, '0000-00-00 00:00:00', 0, '0000-00-00 00:00:00', 0, '0000-00-00 00:00:00', 'Request Time Out'),
	(169, '192.168.10.28', 'Enclosure 1', '01934', '6281293796752', '2022-10-21 22:29:04', 0, '0000-00-00 00:00:00', 0, '0000-00-00 00:00:00', 0, '0000-00-00 00:00:00', 'Request Time Out'),
	(170, '192.168.10.28', 'Enclosure 1', '01563', '6281584455030', '2022-10-21 22:34:04', 0, '0000-00-00 00:00:00', 0, '0000-00-00 00:00:00', 0, '0000-00-00 00:00:00', 'Request Time Out'),
	(171, '192.168.10.28', 'Enclosure 1', '01314', '6287877600297', '2022-10-21 22:39:04', 0, '0000-00-00 00:00:00', 0, '0000-00-00 00:00:00', 0, '0000-00-00 00:00:00', 'Request Time Out'),
	(172, '192.168.10.28', 'Enclosure 1', 'P1074', '6289640208515', '2022-10-21 22:44:04', 0, '0000-00-00 00:00:00', 0, '0000-00-00 00:00:00', 0, '0000-00-00 00:00:00', 'Request Time Out'),
	(173, '192.168.10.28', 'Enclosure 1', '01934', '6281293796752', '2022-10-21 22:49:04', 0, '0000-00-00 00:00:00', 0, '0000-00-00 00:00:00', 0, '0000-00-00 00:00:00', 'Request Time Out'),
	(174, '192.168.10.28', 'Enclosure 1', '01563', '6281584455030', '2022-10-21 22:54:04', 0, '0000-00-00 00:00:00', 0, '0000-00-00 00:00:00', 0, '0000-00-00 00:00:00', 'Request Time Out'),
	(175, '192.168.10.28', 'Enclosure 1', '01314', '6287877600297', '2022-10-21 22:59:04', 0, '0000-00-00 00:00:00', 0, '0000-00-00 00:00:00', 0, '0000-00-00 00:00:00', 'Request Time Out'),
	(176, '192.168.10.28', 'Enclosure 1', 'P1074', '6289640208515', '2022-10-21 23:04:04', 0, '0000-00-00 00:00:00', 0, '0000-00-00 00:00:00', 0, '0000-00-00 00:00:00', 'Request Time Out'),
	(177, '192.168.10.28', 'Enclosure 1', '01934', '6281293796752', '2022-10-21 23:09:04', 0, '0000-00-00 00:00:00', 0, '0000-00-00 00:00:00', 0, '0000-00-00 00:00:00', 'Request Time Out'),
	(178, '192.168.10.28', 'Enclosure 1', '01563', '6281584455030', '2022-10-21 23:14:04', 0, '0000-00-00 00:00:00', 0, '0000-00-00 00:00:00', 0, '0000-00-00 00:00:00', 'Request Time Out'),
	(179, '192.168.10.28', 'Enclosure 1', '01314', '6287877600297', '2022-10-21 23:19:04', 0, '0000-00-00 00:00:00', 0, '0000-00-00 00:00:00', 0, '0000-00-00 00:00:00', 'Request Time Out'),
	(180, '192.168.10.28', 'Enclosure 1', 'P1074', '6289640208515', '2022-10-21 23:24:04', 0, '0000-00-00 00:00:00', 0, '0000-00-00 00:00:00', 0, '0000-00-00 00:00:00', 'Request Time Out'),
	(181, '192.168.10.28', 'Enclosure 1', '01934', '6281293796752', '2022-10-21 23:29:04', 0, '0000-00-00 00:00:00', 0, '0000-00-00 00:00:00', 0, '0000-00-00 00:00:00', 'Request Time Out'),
	(182, '192.168.10.28', 'Enclosure 1', '01563', '6281584455030', '2022-10-21 23:34:04', 0, '0000-00-00 00:00:00', 0, '0000-00-00 00:00:00', 0, '0000-00-00 00:00:00', 'Request Time Out'),
	(183, '192.168.10.28', 'Enclosure 1', '01314', '6287877600297', '2022-10-21 23:39:04', 0, '0000-00-00 00:00:00', 0, '0000-00-00 00:00:00', 0, '0000-00-00 00:00:00', 'Request Time Out'),
	(184, '192.168.10.28', 'Enclosure 1', 'P1074', '6289640208515', '2022-10-21 23:44:04', 0, '0000-00-00 00:00:00', 0, '0000-00-00 00:00:00', 0, '0000-00-00 00:00:00', 'Request Time Out'),
	(185, '192.168.10.28', 'Enclosure 1', '01934', '6281293796752', '2022-10-21 23:49:04', 0, '0000-00-00 00:00:00', 0, '0000-00-00 00:00:00', 0, '0000-00-00 00:00:00', 'Request Time Out'),
	(186, '192.168.10.28', 'Enclosure 1', '01563', '6281584455030', '2022-10-21 23:54:04', 0, '0000-00-00 00:00:00', 0, '0000-00-00 00:00:00', 0, '0000-00-00 00:00:00', 'Request Time Out'),
	(187, '192.168.10.28', 'Enclosure 1', '01314', '6287877600297', '2022-10-21 23:59:04', 0, '0000-00-00 00:00:00', 0, '0000-00-00 00:00:00', 0, '0000-00-00 00:00:00', 'Request Time Out'),
	(188, '192.168.10.28', 'Enclosure 1', 'P1074', '6289640208515', '2022-10-22 00:04:04', 0, '0000-00-00 00:00:00', 0, '0000-00-00 00:00:00', 0, '0000-00-00 00:00:00', 'Request Time Out'),
	(189, '192.168.10.28', 'Enclosure 1', '01934', '6281293796752', '2022-10-22 00:09:04', 0, '0000-00-00 00:00:00', 0, '0000-00-00 00:00:00', 0, '0000-00-00 00:00:00', 'Request Time Out'),
	(190, '192.168.10.28', 'Enclosure 1', '01563', '6281584455030', '2022-10-22 00:14:04', 0, '0000-00-00 00:00:00', 0, '0000-00-00 00:00:00', 0, '0000-00-00 00:00:00', 'Request Time Out'),
	(191, '192.168.10.28', 'Enclosure 1', '01314', '6287877600297', '2022-10-22 00:19:04', 0, '0000-00-00 00:00:00', 0, '0000-00-00 00:00:00', 0, '0000-00-00 00:00:00', 'Request Time Out'),
	(192, '192.168.10.28', 'Enclosure 1', 'P1074', '6289640208515', '2022-10-22 00:24:04', 0, '0000-00-00 00:00:00', 0, '0000-00-00 00:00:00', 0, '0000-00-00 00:00:00', 'Request Time Out'),
	(193, '192.168.10.28', 'Enclosure 1', '01934', '6281293796752', '2022-10-22 00:29:04', 0, '0000-00-00 00:00:00', 0, '0000-00-00 00:00:00', 0, '0000-00-00 00:00:00', 'Request Time Out'),
	(194, '192.168.10.28', 'Enclosure 1', '01563', '6281584455030', '2022-10-22 00:34:04', 0, '0000-00-00 00:00:00', 0, '0000-00-00 00:00:00', 0, '0000-00-00 00:00:00', 'Request Time Out'),
	(195, '192.168.10.28', 'Enclosure 1', '01314', '6287877600297', '2022-10-22 00:39:04', 0, '0000-00-00 00:00:00', 0, '0000-00-00 00:00:00', 0, '0000-00-00 00:00:00', 'Request Time Out'),
	(196, '192.168.10.28', 'Enclosure 1', 'P1074', '6289640208515', '2022-10-22 00:44:04', 0, '0000-00-00 00:00:00', 0, '0000-00-00 00:00:00', 0, '0000-00-00 00:00:00', 'Request Time Out'),
	(197, '192.168.10.28', 'Enclosure 1', '01934', '6281293796752', '2022-10-22 00:49:04', 0, '0000-00-00 00:00:00', 0, '0000-00-00 00:00:00', 0, '0000-00-00 00:00:00', 'Request Time Out'),
	(198, '192.168.10.28', 'Enclosure 1', '01563', '6281584455030', '2022-10-22 00:54:04', 0, '0000-00-00 00:00:00', 0, '0000-00-00 00:00:00', 0, '0000-00-00 00:00:00', 'Request Time Out'),
	(199, '192.168.10.28', 'Enclosure 1', '01314', '6287877600297', '2022-10-22 00:59:05', 0, '0000-00-00 00:00:00', 0, '0000-00-00 00:00:00', 0, '0000-00-00 00:00:00', 'Request Time Out'),
	(200, '192.168.10.28', 'Enclosure 1', 'P1074', '6289640208515', '2022-10-22 01:04:04', 0, '0000-00-00 00:00:00', 0, '0000-00-00 00:00:00', 0, '0000-00-00 00:00:00', 'Request Time Out'),
	(201, '192.168.10.28', 'Enclosure 1', '01934', '6281293796752', '2022-10-22 01:09:04', 0, '0000-00-00 00:00:00', 0, '0000-00-00 00:00:00', 0, '0000-00-00 00:00:00', 'Request Time Out'),
	(202, '192.168.10.28', 'Enclosure 1', '01563', '6281584455030', '2022-10-22 01:14:04', 0, '0000-00-00 00:00:00', 0, '0000-00-00 00:00:00', 0, '0000-00-00 00:00:00', 'Request Time Out'),
	(203, '192.168.10.28', 'Enclosure 1', '01314', '6287877600297', '2022-10-22 01:19:04', 0, '0000-00-00 00:00:00', 0, '0000-00-00 00:00:00', 0, '0000-00-00 00:00:00', 'Request Time Out'),
	(204, '192.168.10.28', 'Enclosure 1', 'P1074', '6289640208515', '2022-10-22 01:24:04', 0, '0000-00-00 00:00:00', 0, '0000-00-00 00:00:00', 0, '0000-00-00 00:00:00', 'Request Time Out'),
	(205, '192.168.10.28', 'Enclosure 1', '01934', '6281293796752', '2022-10-22 01:29:04', 0, '0000-00-00 00:00:00', 0, '0000-00-00 00:00:00', 0, '0000-00-00 00:00:00', 'Request Time Out'),
	(206, '192.168.10.28', 'Enclosure 1', '01563', '6281584455030', '2022-10-22 01:34:04', 0, '0000-00-00 00:00:00', 0, '0000-00-00 00:00:00', 0, '0000-00-00 00:00:00', 'Request Time Out'),
	(207, '192.168.10.28', 'Enclosure 1', '01314', '6287877600297', '2022-10-22 01:39:04', 0, '0000-00-00 00:00:00', 0, '0000-00-00 00:00:00', 0, '0000-00-00 00:00:00', 'Request Time Out'),
	(208, '192.168.10.28', 'Enclosure 1', 'P1074', '6289640208515', '2022-10-22 01:44:04', 0, '0000-00-00 00:00:00', 0, '0000-00-00 00:00:00', 0, '0000-00-00 00:00:00', 'Request Time Out'),
	(209, '192.168.10.28', 'Enclosure 1', '01934', '6281293796752', '2022-10-22 01:49:04', 0, '0000-00-00 00:00:00', 0, '0000-00-00 00:00:00', 0, '0000-00-00 00:00:00', 'Request Time Out'),
	(210, '192.168.10.28', 'Enclosure 1', '01563', '6281584455030', '2022-10-22 01:54:04', 0, '0000-00-00 00:00:00', 0, '0000-00-00 00:00:00', 0, '0000-00-00 00:00:00', 'Request Time Out'),
	(211, '192.168.10.28', 'Enclosure 1', '01314', '6287877600297', '2022-10-22 01:59:04', 0, '0000-00-00 00:00:00', 0, '0000-00-00 00:00:00', 0, '0000-00-00 00:00:00', 'Request Time Out'),
	(212, '192.168.10.28', 'Enclosure 1', 'P1074', '6289640208515', '2022-10-22 02:04:04', 0, '0000-00-00 00:00:00', 0, '0000-00-00 00:00:00', 0, '0000-00-00 00:00:00', 'Request Time Out'),
	(213, '192.168.10.28', 'Enclosure 1', '01934', '6281293796752', '2022-10-22 02:09:05', 0, '0000-00-00 00:00:00', 0, '0000-00-00 00:00:00', 0, '0000-00-00 00:00:00', 'Request Time Out'),
	(214, '192.168.10.28', 'Enclosure 1', '01563', '6281584455030', '2022-10-22 02:14:04', 0, '0000-00-00 00:00:00', 0, '0000-00-00 00:00:00', 0, '0000-00-00 00:00:00', 'Request Time Out'),
	(215, '192.168.10.28', 'Enclosure 1', '01314', '6287877600297', '2022-10-22 02:19:04', 0, '0000-00-00 00:00:00', 0, '0000-00-00 00:00:00', 0, '0000-00-00 00:00:00', 'Request Time Out'),
	(216, '192.168.10.28', 'Enclosure 1', 'P1074', '6289640208515', '2022-10-22 02:24:04', 0, '0000-00-00 00:00:00', 0, '0000-00-00 00:00:00', 0, '0000-00-00 00:00:00', 'Request Time Out'),
	(217, '192.168.10.28', 'Enclosure 1', '01934', '6281293796752', '2022-10-22 02:29:04', 0, '0000-00-00 00:00:00', 0, '0000-00-00 00:00:00', 0, '0000-00-00 00:00:00', 'Request Time Out'),
	(218, '192.168.10.28', 'Enclosure 1', '01563', '6281584455030', '2022-10-22 02:34:04', 0, '0000-00-00 00:00:00', 0, '0000-00-00 00:00:00', 0, '0000-00-00 00:00:00', 'Request Time Out'),
	(219, '192.168.10.28', 'Enclosure 1', '01314', '6287877600297', '2022-10-22 02:39:04', 0, '0000-00-00 00:00:00', 0, '0000-00-00 00:00:00', 0, '0000-00-00 00:00:00', 'Request Time Out'),
	(220, '192.168.10.28', 'Enclosure 1', 'P1074', '6289640208515', '2022-10-22 02:44:05', 0, '0000-00-00 00:00:00', 0, '0000-00-00 00:00:00', 0, '0000-00-00 00:00:00', 'Request Time Out'),
	(221, '192.168.10.28', 'Enclosure 1', '01934', '6281293796752', '2022-10-22 02:49:04', 0, '0000-00-00 00:00:00', 0, '0000-00-00 00:00:00', 0, '0000-00-00 00:00:00', 'Request Time Out'),
	(222, '192.168.10.28', 'Enclosure 1', '01563', '6281584455030', '2022-10-22 02:54:05', 0, '0000-00-00 00:00:00', 0, '0000-00-00 00:00:00', 0, '0000-00-00 00:00:00', 'Request Time Out'),
	(223, '192.168.10.28', 'Enclosure 1', '01314', '6287877600297', '2022-10-22 02:59:05', 0, '0000-00-00 00:00:00', 0, '0000-00-00 00:00:00', 0, '0000-00-00 00:00:00', 'Request Time Out'),
	(224, '192.168.10.28', 'Enclosure 1', 'P1074', '6289640208515', '2022-10-22 03:04:04', 0, '0000-00-00 00:00:00', 0, '0000-00-00 00:00:00', 0, '0000-00-00 00:00:00', 'Request Time Out'),
	(225, '192.168.10.28', 'Enclosure 1', '01934', '6281293796752', '2022-10-22 03:09:05', 0, '0000-00-00 00:00:00', 0, '0000-00-00 00:00:00', 0, '0000-00-00 00:00:00', 'Request Time Out'),
	(226, '192.168.10.28', 'Enclosure 1', '01563', '6281584455030', '2022-10-22 03:14:04', 0, '0000-00-00 00:00:00', 0, '0000-00-00 00:00:00', 0, '0000-00-00 00:00:00', 'Request Time Out'),
	(227, '192.168.10.28', 'Enclosure 1', '01314', '6287877600297', '2022-10-22 03:19:05', 0, '0000-00-00 00:00:00', 0, '0000-00-00 00:00:00', 0, '0000-00-00 00:00:00', 'Request Time Out'),
	(228, '192.168.10.28', 'Enclosure 1', 'P1074', '6289640208515', '2022-10-22 03:24:05', 0, '0000-00-00 00:00:00', 0, '0000-00-00 00:00:00', 0, '0000-00-00 00:00:00', 'Request Time Out'),
	(229, '192.168.10.28', 'Enclosure 1', '01934', '6281293796752', '2022-10-22 03:29:05', 0, '0000-00-00 00:00:00', 0, '0000-00-00 00:00:00', 0, '0000-00-00 00:00:00', 'Request Time Out'),
	(230, '192.168.10.28', 'Enclosure 1', '01563', '6281584455030', '2022-10-22 03:34:04', 0, '0000-00-00 00:00:00', 0, '0000-00-00 00:00:00', 0, '0000-00-00 00:00:00', 'Request Time Out'),
	(231, '192.168.10.28', 'Enclosure 1', '01314', '6287877600297', '2022-10-22 03:39:05', 0, '0000-00-00 00:00:00', 0, '0000-00-00 00:00:00', 0, '0000-00-00 00:00:00', 'Request Time Out'),
	(232, '192.168.10.28', 'Enclosure 1', 'P1074', '6289640208515', '2022-10-22 03:44:05', 0, '0000-00-00 00:00:00', 0, '0000-00-00 00:00:00', 0, '0000-00-00 00:00:00', 'Request Time Out'),
	(233, '192.168.10.28', 'Enclosure 1', '01934', '6281293796752', '2022-10-22 03:49:04', 0, '0000-00-00 00:00:00', 0, '0000-00-00 00:00:00', 0, '0000-00-00 00:00:00', 'Request Time Out'),
	(234, '192.168.10.28', 'Enclosure 1', '01563', '6281584455030', '2022-10-22 03:54:04', 0, '0000-00-00 00:00:00', 0, '0000-00-00 00:00:00', 0, '0000-00-00 00:00:00', 'Request Time Out'),
	(235, '192.168.10.28', 'Enclosure 1', '01314', '6287877600297', '2022-10-22 03:59:04', 0, '0000-00-00 00:00:00', 0, '0000-00-00 00:00:00', 0, '0000-00-00 00:00:00', 'Request Time Out'),
	(236, '192.168.10.28', 'Enclosure 1', 'P1074', '6289640208515', '2022-10-22 04:04:04', 0, '0000-00-00 00:00:00', 0, '0000-00-00 00:00:00', 0, '0000-00-00 00:00:00', 'Request Time Out'),
	(237, '192.168.10.28', 'Enclosure 1', '01934', '6281293796752', '2022-10-22 04:09:04', 0, '0000-00-00 00:00:00', 0, '0000-00-00 00:00:00', 0, '0000-00-00 00:00:00', 'Request Time Out'),
	(238, '192.168.10.28', 'Enclosure 1', '01563', '6281584455030', '2022-10-22 04:14:04', 0, '0000-00-00 00:00:00', 0, '0000-00-00 00:00:00', 0, '0000-00-00 00:00:00', 'Request Time Out'),
	(239, '192.168.10.28', 'Enclosure 1', '01314', '6287877600297', '2022-10-22 04:19:04', 0, '0000-00-00 00:00:00', 0, '0000-00-00 00:00:00', 0, '0000-00-00 00:00:00', 'Request Time Out'),
	(240, '192.168.10.28', 'Enclosure 1', 'P1074', '6289640208515', '2022-10-22 04:24:04', 0, '0000-00-00 00:00:00', 0, '0000-00-00 00:00:00', 0, '0000-00-00 00:00:00', 'Request Time Out'),
	(241, '192.168.10.28', 'Enclosure 1', '01934', '6281293796752', '2022-10-22 04:29:04', 0, '0000-00-00 00:00:00', 0, '0000-00-00 00:00:00', 0, '0000-00-00 00:00:00', 'Request Time Out'),
	(242, '192.168.10.28', 'Enclosure 1', '01563', '6281584455030', '2022-10-22 04:34:04', 0, '0000-00-00 00:00:00', 0, '0000-00-00 00:00:00', 0, '0000-00-00 00:00:00', 'Request Time Out'),
	(243, '192.168.10.28', 'Enclosure 1', '01314', '6287877600297', '2022-10-22 04:39:04', 0, '0000-00-00 00:00:00', 0, '0000-00-00 00:00:00', 0, '0000-00-00 00:00:00', 'Request Time Out'),
	(244, '192.168.10.28', 'Enclosure 1', 'P1074', '6289640208515', '2022-10-22 06:04:04', 0, '0000-00-00 00:00:00', 0, '0000-00-00 00:00:00', 0, '0000-00-00 00:00:00', 'Request Time Out'),
	(245, '192.168.10.28', 'Enclosure 1', '01934', '6281293796752', '2022-10-22 06:19:04', 0, '0000-00-00 00:00:00', 0, '0000-00-00 00:00:00', 0, '0000-00-00 00:00:00', 'Request Time Out'),
	(246, '192.168.10.30', 'Enclosure 2', 'P1074', '6289640208515', '2022-10-22 06:19:04', 0, '0000-00-00 00:00:00', 0, '0000-00-00 00:00:00', 0, '0000-00-00 00:00:00', 'Request Time Out'),
	(247, '192.168.10.28', 'Enclosure 1', '01563', '6281584455030', '2022-10-22 07:14:04', 0, '0000-00-00 00:00:00', 0, '0000-00-00 00:00:00', 0, '0000-00-00 00:00:00', 'Request Time Out'),
	(248, '192.168.10.28', 'Enclosure 1', '01314', '6287877600297', '2022-10-22 07:19:04', 0, '0000-00-00 00:00:00', 0, '0000-00-00 00:00:00', 0, '0000-00-00 00:00:00', 'Request Time Out'),
	(249, '192.168.10.28', 'Enclosure 1', 'P1074', '6289640208515', '2022-10-22 07:24:05', 0, '0000-00-00 00:00:00', 0, '0000-00-00 00:00:00', 0, '0000-00-00 00:00:00', 'Request Time Out'),
	(250, '192.168.10.28', 'Enclosure 1', '01934', '6281293796752', '2022-10-22 07:29:04', 0, '0000-00-00 00:00:00', 0, '0000-00-00 00:00:00', 0, '0000-00-00 00:00:00', 'Request Time Out'),
	(251, '192.168.10.28', 'Enclosure 1', '01563', '6281584455030', '2022-10-22 07:34:04', 0, '0000-00-00 00:00:00', 0, '0000-00-00 00:00:00', 0, '0000-00-00 00:00:00', 'Request Time Out'),
	(252, '192.168.10.28', 'Enclosure 1', '01314', '6287877600297', '2022-10-22 07:39:04', 0, '0000-00-00 00:00:00', 0, '0000-00-00 00:00:00', 0, '0000-00-00 00:00:00', 'Request Time Out'),
	(253, '192.168.10.28', 'Enclosure 1', 'P1074', '6289640208515', '2022-10-22 07:44:04', 0, '0000-00-00 00:00:00', 0, '0000-00-00 00:00:00', 0, '0000-00-00 00:00:00', 'Request Time Out'),
	(254, '192.168.10.28', 'Enclosure 1', '01934', '6281293796752', '2022-10-22 07:49:05', 0, '0000-00-00 00:00:00', 0, '0000-00-00 00:00:00', 0, '0000-00-00 00:00:00', 'Request Time Out'),
	(255, '192.168.10.28', 'Enclosure 1', '01563', '6281584455030', '2022-10-22 07:54:04', 0, '0000-00-00 00:00:00', 0, '0000-00-00 00:00:00', 0, '0000-00-00 00:00:00', 'Request Time Out'),
	(256, '192.168.10.28', 'Enclosure 1', '01314', '6287877600297', '2022-10-22 07:59:05', 0, '0000-00-00 00:00:00', 0, '0000-00-00 00:00:00', 0, '0000-00-00 00:00:00', 'Request Time Out'),
	(257, '192.168.10.28', 'Enclosure 1', 'P1074', '6289640208515', '2022-10-22 08:04:05', 0, '0000-00-00 00:00:00', 0, '0000-00-00 00:00:00', 0, '0000-00-00 00:00:00', 'Request Time Out'),
	(258, '192.168.10.28', 'Enclosure 1', '01934', '6281293796752', '2022-10-22 08:09:05', 0, '0000-00-00 00:00:00', 0, '0000-00-00 00:00:00', 0, '0000-00-00 00:00:00', 'Request Time Out'),
	(259, '192.168.10.28', 'Enclosure 1', '01563', '6281584455030', '2022-10-22 08:14:05', 0, '0000-00-00 00:00:00', 0, '0000-00-00 00:00:00', 0, '0000-00-00 00:00:00', 'Request Time Out'),
	(260, '192.168.10.28', 'Enclosure 1', '01314', '6287877600297', '2022-10-22 08:19:05', 0, '0000-00-00 00:00:00', 0, '0000-00-00 00:00:00', 0, '0000-00-00 00:00:00', 'Request Time Out'),
	(261, '192.168.10.28', 'Enclosure 1', 'P1074', '6289640208515', '2022-10-22 08:24:05', 0, '0000-00-00 00:00:00', 0, '0000-00-00 00:00:00', 0, '0000-00-00 00:00:00', 'Request Time Out'),
	(262, '192.168.10.28', 'Enclosure 1', '01934', '6281293796752', '2022-10-22 08:29:05', 0, '0000-00-00 00:00:00', 0, '0000-00-00 00:00:00', 0, '0000-00-00 00:00:00', 'Request Time Out'),
	(263, '192.168.10.28', 'Enclosure 1', '01563', '6281584455030', '2022-10-22 08:34:05', 0, '0000-00-00 00:00:00', 0, '0000-00-00 00:00:00', 0, '0000-00-00 00:00:00', 'Request Time Out'),
	(264, '192.168.10.28', 'Enclosure 1', '01314', '6287877600297', '2022-10-22 08:39:05', 0, '0000-00-00 00:00:00', 0, '0000-00-00 00:00:00', 0, '0000-00-00 00:00:00', 'Request Time Out'),
	(265, '192.168.10.28', 'Enclosure 1', 'P1074', '6289640208515', '2022-10-22 08:44:05', 0, '0000-00-00 00:00:00', 0, '0000-00-00 00:00:00', 0, '0000-00-00 00:00:00', 'Request Time Out'),
	(266, '192.168.10.28', 'Enclosure 1', '01934', '6281293796752', '2022-10-22 08:49:05', 0, '0000-00-00 00:00:00', 0, '0000-00-00 00:00:00', 0, '0000-00-00 00:00:00', 'Request Time Out'),
	(267, '192.168.10.28', 'Enclosure 1', '01563', '6281584455030', '2022-10-22 08:54:05', 0, '0000-00-00 00:00:00', 0, '0000-00-00 00:00:00', 0, '0000-00-00 00:00:00', 'Request Time Out'),
	(268, '192.168.10.28', 'Enclosure 1', '01314', '6287877600297', '2022-10-22 17:59:05', 0, '0000-00-00 00:00:00', 0, '0000-00-00 00:00:00', 0, '0000-00-00 00:00:00', 'Request Time Out'),
	(269, '192.168.10.28', 'Enclosure 1', 'P1074', '6289640208515', '2022-10-23 09:14:06', 0, '0000-00-00 00:00:00', 0, '0000-00-00 00:00:00', 0, '0000-00-00 00:00:00', 'Request Time Out'),
	(270, '192.168.10.28', 'Enclosure 1', '01934', '6281293796752', '2022-10-23 09:19:06', 0, '0000-00-00 00:00:00', 0, '0000-00-00 00:00:00', 0, '0000-00-00 00:00:00', 'Request Time Out'),
	(271, '192.168.10.28', 'Enclosure 1', '01563', '6281584455030', '2022-10-23 17:19:07', 0, '0000-00-00 00:00:00', 0, '0000-00-00 00:00:00', 0, '0000-00-00 00:00:00', 'Request Time Out'),
	(272, '192.168.10.28', 'Enclosure 1', '01314', '6287877600297', '2022-10-23 17:34:07', 0, '0000-00-00 00:00:00', 0, '0000-00-00 00:00:00', 0, '0000-00-00 00:00:00', 'Request Time Out'),
	(273, '192.168.10.30', 'Enclosure 2', '01934', '6281293796752', '2022-10-23 22:59:08', 0, '0000-00-00 00:00:00', 0, '0000-00-00 00:00:00', 0, '0000-00-00 00:00:00', 'Request Time Out'),
	(274, '192.168.10.28', 'Enclosure 1', 'P1074', '6289640208515', '2022-10-23 22:59:08', 0, '0000-00-00 00:00:00', 0, '0000-00-00 00:00:00', 0, '0000-00-00 00:00:00', 'Request Time Out'),
	(275, '192.168.10.28', 'Enclosure 1', '01934', '6281293796752', '2022-10-24 17:21:45', 0, '0000-00-00 00:00:00', 0, '0000-00-00 00:00:00', 0, '0000-00-00 00:00:00', 'Request Time Out'),
	(276, '192.168.10.28', 'Enclosure 1', '01563', '6281584455030', '2022-10-24 17:52:20', 0, '0000-00-00 00:00:00', 0, '0000-00-00 00:00:00', 0, '0000-00-00 00:00:00', 'Request Time Out'),
	(277, '192.168.10.28', 'Enclosure 1', '01314', '6287877600297', '2022-10-24 18:07:05', 0, '0000-00-00 00:00:00', 0, '0000-00-00 00:00:00', 0, '0000-00-00 00:00:00', 'Request Time Out'),
	(278, '192.168.10.28', 'Enclosure 1', 'P1074', '6289640208515', '2022-10-24 18:47:15', 0, '0000-00-00 00:00:00', 0, '0000-00-00 00:00:00', 0, '0000-00-00 00:00:00', 'Request Time Out'),
	(279, '192.168.10.28', 'Enclosure 1', '01934', '6281293796752', '2022-10-24 19:45:56', 0, '0000-00-00 00:00:00', 0, '0000-00-00 00:00:00', 0, '0000-00-00 00:00:00', 'Request Time Out'),
	(280, '192.168.10.28', 'Enclosure 1', '01563', '6281584455030', '2022-10-24 20:15:23', 0, '0000-00-00 00:00:00', 0, '0000-00-00 00:00:00', 0, '0000-00-00 00:00:00', 'Request Time Out'),
	(281, '192.168.10.28', 'Enclosure 1', '01314', '6287877600297', '2022-10-24 20:20:28', 0, '0000-00-00 00:00:00', 0, '0000-00-00 00:00:00', 0, '0000-00-00 00:00:00', 'Request Time Out'),
	(282, '192.168.10.28', 'Enclosure 1', 'P1074', '6289640208515', '2022-10-24 20:31:08', 0, '0000-00-00 00:00:00', 0, '0000-00-00 00:00:00', 0, '0000-00-00 00:00:00', 'Request Time Out'),
	(283, '192.168.10.28', 'Enclosure 1', '01934', '6281293796752', '2022-10-24 21:00:56', 0, '0000-00-00 00:00:00', 0, '0000-00-00 00:00:00', 0, '0000-00-00 00:00:00', 'Request Time Out'),
	(284, '192.168.10.28', 'Enclosure 1', '01563', '6281584455030', '2022-10-24 21:02:30', 0, '0000-00-00 00:00:00', 0, '0000-00-00 00:00:00', 0, '0000-00-00 00:00:00', 'Request Time Out'),
	(285, '192.168.10.28', 'Enclosure 1', '01314', '6287877600297', '2022-10-24 21:15:16', 0, '0000-00-00 00:00:00', 0, '0000-00-00 00:00:00', 0, '0000-00-00 00:00:00', 'Request Time Out'),
	(286, '192.168.10.28', 'Enclosure 1', 'P1074', '6289640208515', '2022-10-24 21:30:13', 0, '0000-00-00 00:00:00', 0, '0000-00-00 00:00:00', 0, '0000-00-00 00:00:00', 'Request Time Out'),
	(287, '192.168.10.28', 'Enclosure 1', '01934', '6281293796752', '2022-10-24 22:07:08', 0, '0000-00-00 00:00:00', 0, '0000-00-00 00:00:00', 0, '0000-00-00 00:00:00', 'Request Time Out'),
	(288, '192.168.10.28', 'Enclosure 1', '01563', '6281584455030', '2022-10-24 22:44:33', 0, '0000-00-00 00:00:00', 0, '0000-00-00 00:00:00', 0, '0000-00-00 00:00:00', 'Request Time Out'),
	(289, '192.168.10.28', 'Enclosure 1', '01314', '6287877600297', '2022-10-24 23:13:05', 0, '0000-00-00 00:00:00', 0, '0000-00-00 00:00:00', 0, '0000-00-00 00:00:00', 'Request Time Out'),
	(290, '192.168.10.28', 'Enclosure 1', 'P1074', '6289640208515', '2022-10-24 23:42:57', 0, '0000-00-00 00:00:00', 0, '0000-00-00 00:00:00', 0, '0000-00-00 00:00:00', 'Request Time Out'),
	(291, '192.168.10.28', 'Enclosure 1', '01934', '6281293796752', '2022-10-25 00:01:03', 0, '0000-00-00 00:00:00', 0, '0000-00-00 00:00:00', 0, '0000-00-00 00:00:00', 'Request Time Out'),
	(292, '192.168.10.30', 'Enclosure 2', '01563', '6281584455030', '2022-10-31 08:10:59', 0, '0000-00-00 00:00:00', 1, '2022-10-31 15:10:59', 0, '0000-00-00 00:00:00', 'Request Time Out'),
	(293, '192.168.11.30', 'Device Absen 1', '01896', '6282298793808', '2022-11-01 02:31:13', 0, '0000-00-00 00:00:00', 0, '0000-00-00 00:00:00', 0, '0000-00-00 00:00:00', 'Request Time Out'),
	(294, '192.168.11.30', 'Device Absen 1', 'P1064', '6289691048799', '2022-11-01 02:31:35', 0, '0000-00-00 00:00:00', 0, '0000-00-00 00:00:00', 0, '0000-00-00 00:00:00', 'Request Time Out'),
	(295, '192.168.11.30', 'Device Absen 1', '01896', '6282298793808', '2022-11-01 02:31:57', 0, '0000-00-00 00:00:00', 0, '0000-00-00 00:00:00', 0, '0000-00-00 00:00:00', 'Request Time Out'),
	(296, '192.168.11.30', 'Device Absen 1', 'P1064', '6289691048799', '2022-11-01 02:32:19', 0, '0000-00-00 00:00:00', 0, '0000-00-00 00:00:00', 0, '0000-00-00 00:00:00', 'Request Time Out'),
	(297, '192.168.11.30', 'Device Absen 1', '01896', '6282298793808', '2022-11-01 02:32:41', 0, '0000-00-00 00:00:00', 0, '0000-00-00 00:00:00', 0, '0000-00-00 00:00:00', 'Request Time Out'),
	(298, '192.168.11.30', 'Device Absen 1', 'P1064', '6289691048799', '2022-11-01 02:33:03', 0, '0000-00-00 00:00:00', 0, '0000-00-00 00:00:00', 0, '0000-00-00 00:00:00', 'Request Time Out'),
	(299, '192.168.11.30', 'Device Absen 1', '01896', '6282298793808', '2022-11-01 02:33:25', 0, '0000-00-00 00:00:00', 0, '0000-00-00 00:00:00', 0, '0000-00-00 00:00:00', 'Request Time Out'),
	(300, '192.168.11.30', 'Device Absen 1', 'P1064', '6289691048799', '2022-11-01 02:33:47', 0, '0000-00-00 00:00:00', 0, '0000-00-00 00:00:00', 0, '0000-00-00 00:00:00', 'Request Time Out'),
	(301, '192.168.11.30', 'Device Absen 1', '01896', '6282298793808', '2022-11-01 02:34:09', 0, '0000-00-00 00:00:00', 0, '0000-00-00 00:00:00', 0, '0000-00-00 00:00:00', 'Request Time Out'),
	(302, '192.168.11.30', 'Device Absen 1', 'P1064', '6289691048799', '2022-11-01 02:34:31', 0, '0000-00-00 00:00:00', 0, '0000-00-00 00:00:00', 0, '0000-00-00 00:00:00', 'Request Time Out'),
	(303, '192.168.11.30', 'Device Absen 1', '01896', '6282298793808', '2022-11-01 02:34:53', 0, '0000-00-00 00:00:00', 0, '0000-00-00 00:00:00', 0, '0000-00-00 00:00:00', 'Request Time Out'),
	(304, '192.168.11.30', 'Device Absen 1', 'P1064', '6289691048799', '2022-11-01 02:35:15', 0, '0000-00-00 00:00:00', 0, '0000-00-00 00:00:00', 0, '0000-00-00 00:00:00', 'Request Time Out'),
	(305, '192.168.11.30', 'Device Absen 1', '01896', '6282298793808', '2022-11-01 02:35:37', 0, '0000-00-00 00:00:00', 0, '0000-00-00 00:00:00', 0, '0000-00-00 00:00:00', 'Request Time Out'),
	(306, '192.168.11.30', 'Device Absen 1', 'P1064', '6289691048799', '2022-11-01 02:35:59', 0, '0000-00-00 00:00:00', 0, '0000-00-00 00:00:00', 0, '0000-00-00 00:00:00', 'Request Time Out'),
	(307, '192.168.11.30', 'Device Absen 1', '01896', '6282298793808', '2022-11-01 02:36:21', 0, '0000-00-00 00:00:00', 0, '0000-00-00 00:00:00', 0, '0000-00-00 00:00:00', 'Request Time Out'),
	(308, '192.168.11.30', 'Device Absen 1', 'P1064', '6289691048799', '2022-11-01 02:36:43', 0, '0000-00-00 00:00:00', 0, '0000-00-00 00:00:00', 0, '0000-00-00 00:00:00', 'Request Time Out'),
	(309, '192.168.11.30', 'Device Absen 1', '01896', '6282298793808', '2022-11-01 02:37:05', 0, '0000-00-00 00:00:00', 0, '0000-00-00 00:00:00', 0, '0000-00-00 00:00:00', 'Request Time Out'),
	(310, '192.168.11.30', 'Device Absen 1', 'P1064', '6289691048799', '2022-11-01 02:37:27', 0, '0000-00-00 00:00:00', 0, '0000-00-00 00:00:00', 0, '0000-00-00 00:00:00', 'Request Time Out'),
	(311, '192.168.11.30', 'Device Absen 1', '01896', '6282298793808', '2022-11-01 02:37:49', 0, '0000-00-00 00:00:00', 0, '0000-00-00 00:00:00', 0, '0000-00-00 00:00:00', 'Request Time Out'),
	(312, '192.168.11.30', 'Device Absen 1', 'P1064', '6289691048799', '2022-11-01 02:38:11', 0, '0000-00-00 00:00:00', 0, '0000-00-00 00:00:00', 0, '0000-00-00 00:00:00', 'Request Time Out'),
	(313, '192.168.11.30', 'Device Absen 1', '01896', '6282298793808', '2022-11-01 02:38:33', 0, '0000-00-00 00:00:00', 0, '0000-00-00 00:00:00', 0, '0000-00-00 00:00:00', 'Request Time Out'),
	(314, '192.168.11.30', 'Device Absen 1', 'P1064', '6289691048799', '2022-11-01 02:38:55', 0, '0000-00-00 00:00:00', 0, '0000-00-00 00:00:00', 0, '0000-00-00 00:00:00', 'Request Time Out'),
	(315, '192.168.11.30', 'Device Absen 1', '01896', '6282298793808', '2022-11-01 02:39:17', 0, '0000-00-00 00:00:00', 0, '0000-00-00 00:00:00', 0, '0000-00-00 00:00:00', 'Request Time Out'),
	(316, '192.168.11.30', 'Device Absen 1', 'P1064', '6289691048799', '2022-11-01 02:39:39', 0, '0000-00-00 00:00:00', 0, '0000-00-00 00:00:00', 0, '0000-00-00 00:00:00', 'Request Time Out'),
	(317, '192.168.11.30', 'Device Absen 1', '01896', '6282298793808', '2022-11-01 02:40:01', 0, '0000-00-00 00:00:00', 0, '0000-00-00 00:00:00', 0, '0000-00-00 00:00:00', 'Request Time Out'),
	(318, '192.168.11.30', 'Device Absen 1', 'P1064', '6289691048799', '2022-11-01 02:40:23', 0, '0000-00-00 00:00:00', 0, '0000-00-00 00:00:00', 0, '0000-00-00 00:00:00', 'Request Time Out'),
	(319, '192.168.11.30', 'Device Absen 1', '01896', '6282298793808', '2022-11-01 02:40:45', 0, '0000-00-00 00:00:00', 0, '0000-00-00 00:00:00', 0, '0000-00-00 00:00:00', 'Request Time Out'),
	(320, '192.168.11.30', 'Device Absen 1', 'P1064', '6289691048799', '2022-11-01 02:41:07', 0, '0000-00-00 00:00:00', 0, '0000-00-00 00:00:00', 0, '0000-00-00 00:00:00', 'Request Time Out'),
	(321, '192.168.11.30', 'Device Absen 1', '01896', '6282298793808', '2022-11-01 02:41:29', 0, '0000-00-00 00:00:00', 0, '0000-00-00 00:00:00', 0, '0000-00-00 00:00:00', 'Request Time Out'),
	(322, '192.168.11.30', 'Device Absen 1', 'P1064', '6289691048799', '2022-11-01 02:41:51', 0, '0000-00-00 00:00:00', 0, '0000-00-00 00:00:00', 0, '0000-00-00 00:00:00', 'Request Time Out'),
	(323, '192.168.11.30', 'Device Absen 1', '01896', '6282298793808', '2022-11-01 02:42:13', 0, '0000-00-00 00:00:00', 0, '0000-00-00 00:00:00', 0, '0000-00-00 00:00:00', 'Request Time Out'),
	(324, '192.168.11.30', 'Device Absen 1', 'P1064', '6289691048799', '2022-11-01 02:42:35', 0, '0000-00-00 00:00:00', 0, '0000-00-00 00:00:00', 0, '0000-00-00 00:00:00', 'Request Time Out'),
	(325, '192.168.11.30', 'Device Absen 1', '01896', '6282298793808', '2022-11-01 02:42:57', 0, '0000-00-00 00:00:00', 0, '0000-00-00 00:00:00', 0, '0000-00-00 00:00:00', 'Request Time Out'),
	(326, '192.168.11.30', 'Device Absen 1', 'P1064', '6289691048799', '2022-11-01 02:43:19', 0, '0000-00-00 00:00:00', 0, '0000-00-00 00:00:00', 0, '0000-00-00 00:00:00', 'Request Time Out'),
	(327, '192.168.11.30', 'Device Absen 1', '01896', '6282298793808', '2022-11-01 02:43:41', 0, '0000-00-00 00:00:00', 0, '0000-00-00 00:00:00', 0, '0000-00-00 00:00:00', 'Request Time Out'),
	(328, '192.168.11.30', 'Device Absen 1', 'P1064', '6289691048799', '2022-11-01 02:44:03', 0, '0000-00-00 00:00:00', 0, '0000-00-00 00:00:00', 0, '0000-00-00 00:00:00', 'Request Time Out'),
	(329, '192.168.11.30', 'Device Absen 1', '01896', '6282298793808', '2022-11-01 02:44:25', 0, '0000-00-00 00:00:00', 0, '0000-00-00 00:00:00', 0, '0000-00-00 00:00:00', 'Request Time Out'),
	(330, '192.168.11.30', 'Device Absen 1', 'P1064', '6289691048799', '2022-11-01 02:44:47', 0, '0000-00-00 00:00:00', 0, '0000-00-00 00:00:00', 0, '0000-00-00 00:00:00', 'Request Time Out'),
	(331, '192.168.11.30', 'Device Absen 1', '01896', '6282298793808', '2022-11-01 02:45:09', 0, '0000-00-00 00:00:00', 0, '0000-00-00 00:00:00', 0, '0000-00-00 00:00:00', 'Request Time Out'),
	(332, '192.168.11.30', 'Device Absen 1', 'P1064', '6289691048799', '2022-11-01 02:45:31', 0, '0000-00-00 00:00:00', 0, '0000-00-00 00:00:00', 0, '0000-00-00 00:00:00', 'Request Time Out'),
	(333, '192.168.11.30', 'Device Absen 1', '01896', '6282298793808', '2022-11-01 02:45:53', 0, '0000-00-00 00:00:00', 0, '0000-00-00 00:00:00', 0, '0000-00-00 00:00:00', 'Request Time Out'),
	(334, '192.168.11.30', 'Device Absen 1', 'P1064', '6289691048799', '2022-11-01 02:46:15', 0, '0000-00-00 00:00:00', 0, '0000-00-00 00:00:00', 0, '0000-00-00 00:00:00', 'Request Time Out'),
	(335, '192.168.11.30', 'Device Absen 1', '01896', '6282298793808', '2022-11-01 02:46:37', 0, '0000-00-00 00:00:00', 0, '0000-00-00 00:00:00', 0, '0000-00-00 00:00:00', 'Request Time Out'),
	(336, '192.168.11.30', 'Device Absen 1', 'P1064', '6289691048799', '2022-11-01 02:46:59', 0, '0000-00-00 00:00:00', 0, '0000-00-00 00:00:00', 0, '0000-00-00 00:00:00', 'Request Time Out'),
	(337, '192.168.11.30', 'Device Absen 1', '01896', '6282298793808', '2022-11-01 02:47:21', 0, '0000-00-00 00:00:00', 0, '0000-00-00 00:00:00', 0, '0000-00-00 00:00:00', 'Request Time Out'),
	(338, '192.168.11.30', 'Device Absen 1', 'P1064', '6289691048799', '2022-11-01 02:47:43', 0, '0000-00-00 00:00:00', 0, '0000-00-00 00:00:00', 0, '0000-00-00 00:00:00', 'Request Time Out'),
	(339, '192.168.11.30', 'Device Absen 1', '01896', '6282298793808', '2022-11-01 02:48:05', 0, '0000-00-00 00:00:00', 0, '0000-00-00 00:00:00', 0, '0000-00-00 00:00:00', 'Request Time Out'),
	(340, '192.168.11.30', 'Device Absen 1', 'P1064', '6289691048799', '2022-11-01 02:48:27', 0, '0000-00-00 00:00:00', 0, '0000-00-00 00:00:00', 0, '0000-00-00 00:00:00', 'Request Time Out'),
	(341, '192.168.11.30', 'Device Absen 1', '01896', '6282298793808', '2022-11-01 02:48:49', 0, '0000-00-00 00:00:00', 0, '0000-00-00 00:00:00', 0, '0000-00-00 00:00:00', 'Request Time Out'),
	(342, '192.168.11.30', 'Device Absen 1', 'P1064', '6289691048799', '2022-11-01 02:49:11', 0, '0000-00-00 00:00:00', 0, '0000-00-00 00:00:00', 0, '0000-00-00 00:00:00', 'Request Time Out'),
	(343, '192.168.11.30', 'Device Absen 1', '01896', '6282298793808', '2022-11-01 02:49:33', 0, '0000-00-00 00:00:00', 0, '0000-00-00 00:00:00', 0, '0000-00-00 00:00:00', 'Request Time Out'),
	(344, '192.168.11.30', 'Device Absen 1', 'P1064', '6289691048799', '2022-11-01 02:49:55', 0, '0000-00-00 00:00:00', 0, '0000-00-00 00:00:00', 0, '0000-00-00 00:00:00', 'Request Time Out'),
	(345, '192.168.11.30', 'Device Absen 1', '01896', '6282298793808', '2022-11-01 02:50:17', 0, '0000-00-00 00:00:00', 0, '0000-00-00 00:00:00', 0, '0000-00-00 00:00:00', 'Request Time Out'),
	(346, '192.168.11.30', 'Device Absen 1', 'P1064', '6289691048799', '2022-11-01 02:50:39', 0, '0000-00-00 00:00:00', 0, '0000-00-00 00:00:00', 0, '0000-00-00 00:00:00', 'Request Time Out'),
	(347, '192.168.11.30', 'Device Absen 1', '01896', '6282298793808', '2022-11-01 02:51:01', 0, '0000-00-00 00:00:00', 0, '0000-00-00 00:00:00', 0, '0000-00-00 00:00:00', 'Request Time Out'),
	(348, '192.168.11.30', 'Device Absen 1', 'P1064', '6289691048799', '2022-11-01 02:51:23', 0, '0000-00-00 00:00:00', 0, '0000-00-00 00:00:00', 0, '0000-00-00 00:00:00', 'Request Time Out'),
	(349, '192.168.11.30', 'Device Absen 1', '01896', '6282298793808', '2022-11-01 02:51:45', 0, '0000-00-00 00:00:00', 0, '0000-00-00 00:00:00', 0, '0000-00-00 00:00:00', 'Request Time Out'),
	(350, '192.168.11.30', 'Device Absen 1', 'P1064', '6289691048799', '2022-11-01 02:52:07', 0, '0000-00-00 00:00:00', 0, '0000-00-00 00:00:00', 0, '0000-00-00 00:00:00', 'Request Time Out'),
	(351, '192.168.11.30', 'Device Absen 1', '01896', '6282298793808', '2022-11-01 02:52:29', 0, '0000-00-00 00:00:00', 0, '0000-00-00 00:00:00', 0, '0000-00-00 00:00:00', 'Request Time Out'),
	(352, '192.168.11.30', 'Device Absen 1', 'P1064', '6289691048799', '2022-11-01 02:52:51', 0, '0000-00-00 00:00:00', 0, '0000-00-00 00:00:00', 0, '0000-00-00 00:00:00', 'Request Time Out'),
	(353, '192.168.11.30', 'Device Absen 1', '01896', '6282298793808', '2022-11-01 02:53:13', 0, '0000-00-00 00:00:00', 0, '0000-00-00 00:00:00', 0, '0000-00-00 00:00:00', 'Request Time Out'),
	(354, '192.168.11.30', 'Device Absen 1', 'P1064', '6289691048799', '2022-11-01 02:53:35', 0, '0000-00-00 00:00:00', 0, '0000-00-00 00:00:00', 0, '0000-00-00 00:00:00', 'Request Time Out'),
	(355, '192.168.11.30', 'Device Absen 1', '01896', '6282298793808', '2022-11-01 02:53:57', 0, '0000-00-00 00:00:00', 0, '0000-00-00 00:00:00', 0, '0000-00-00 00:00:00', 'Request Time Out'),
	(356, '192.168.11.30', 'Device Absen 1', 'P1064', '6289691048799', '2022-11-01 02:54:19', 0, '0000-00-00 00:00:00', 0, '0000-00-00 00:00:00', 0, '0000-00-00 00:00:00', 'Request Time Out'),
	(357, '192.168.11.30', 'Device Absen 1', '01896', '6282298793808', '2022-11-01 02:54:41', 0, '0000-00-00 00:00:00', 0, '0000-00-00 00:00:00', 0, '0000-00-00 00:00:00', 'Request Time Out'),
	(358, '192.168.11.30', 'Device Absen 1', 'P1064', '6289691048799', '2022-11-01 02:55:03', 0, '0000-00-00 00:00:00', 0, '0000-00-00 00:00:00', 0, '0000-00-00 00:00:00', 'Request Time Out'),
	(359, '192.168.11.30', 'Device Absen 1', '01896', '6282298793808', '2022-11-01 02:55:25', 0, '0000-00-00 00:00:00', 0, '0000-00-00 00:00:00', 0, '0000-00-00 00:00:00', 'Request Time Out'),
	(360, '192.168.11.30', 'Device Absen 1', 'P1064', '6289691048799', '2022-11-01 02:55:47', 0, '0000-00-00 00:00:00', 0, '0000-00-00 00:00:00', 0, '0000-00-00 00:00:00', 'Request Time Out'),
	(361, '192.168.11.30', 'Device Absen 1', '01896', '6282298793808', '2022-11-01 02:56:09', 0, '0000-00-00 00:00:00', 0, '0000-00-00 00:00:00', 0, '0000-00-00 00:00:00', 'Request Time Out'),
	(362, '192.168.11.30', 'Device Absen 1', 'P1064', '6289691048799', '2022-11-01 02:56:31', 0, '0000-00-00 00:00:00', 0, '0000-00-00 00:00:00', 0, '0000-00-00 00:00:00', 'Request Time Out'),
	(363, '192.168.11.30', 'Device Absen 1', '01896', '6282298793808', '2022-11-01 02:56:53', 0, '0000-00-00 00:00:00', 0, '0000-00-00 00:00:00', 0, '0000-00-00 00:00:00', 'Request Time Out'),
	(364, '192.168.11.30', 'Device Absen 1', 'P1064', '6289691048799', '2022-11-01 02:57:15', 0, '0000-00-00 00:00:00', 0, '0000-00-00 00:00:00', 0, '0000-00-00 00:00:00', 'Request Time Out'),
	(365, '192.168.11.30', 'Device Absen 1', '01896', '6282298793808', '2022-11-01 02:57:37', 0, '0000-00-00 00:00:00', 0, '0000-00-00 00:00:00', 0, '0000-00-00 00:00:00', 'Request Time Out'),
	(366, '192.168.11.30', 'Device Absen 1', 'P1064', '6289691048799', '2022-11-01 02:57:59', 0, '0000-00-00 00:00:00', 0, '0000-00-00 00:00:00', 0, '0000-00-00 00:00:00', 'Request Time Out'),
	(367, '192.168.11.30', 'Device Absen 1', '01896', '6282298793808', '2022-11-01 02:58:21', 0, '0000-00-00 00:00:00', 0, '0000-00-00 00:00:00', 0, '0000-00-00 00:00:00', 'Request Time Out');

/*!40103 SET TIME_ZONE=IFNULL(@OLD_TIME_ZONE, 'system') */;
/*!40101 SET SQL_MODE=IFNULL(@OLD_SQL_MODE, '') */;
/*!40014 SET FOREIGN_KEY_CHECKS=IFNULL(@OLD_FOREIGN_KEY_CHECKS, 1) */;
/*!40101 SET CHARACTER_SET_CLIENT=@OLD_CHARACTER_SET_CLIENT */;
/*!40111 SET SQL_NOTES=IFNULL(@OLD_SQL_NOTES, 1) */;
